12E3mh8xELaneyt4FJvXp2FSDdrsk3FLdgKHV3Y9uiCs	331128.770000	372418.100000	41289.330000
13X8ecXB9KWjaL8ArvjS6auwBGFd8UZD52wsXWj1H6Hq	122064.670000	130895.000000	8830.330000
21yA4KG4JYN2HoMpnr8Jr1H6dP13zXdzXAqcE1PRGUQK	963112.280000	0.000000	-963112.280000
2264nNZyMiBHGnNrVNmfUFfVmHhxiH9XDiGuTT6wFyo2	121250.910000	121250.910000	0.000000
22gGp75jS3hWCbVd4uLxfs3maQPGNCbTDGbEQpTpyYe3	236008.830000	236008.830000	0.000000
23QVY7RJpaL7P1Y7Jjw3jsmmXTh8Lw2rNJsHXqsQnPr5	162751.860000	162751.860000	0.000000
24FvQFse8pDqb1mpdJKNai11mc4CpwVmcp5PEs2fePFE	834491.920000	955241.660000	120749.740000
25mYnjJ2MXHZH6NvTTdA63JvjgRVcuiaj6MRiEQNs1Dq	1163331.130000	1163331.130000	0.000000
26VJnf7FgECXq3ziHS3xFGtjA8FNsekxDvftTWpGtvXU	463614.970000	586740.680000	123125.710000
26gfwKgnm9ZsNWRt4PaMkBNA6a46V6Z2AVNo5qrGnr2H	1739550.670000	1739550.670000	0.000000
27JyT7GkHqceLxBmZ6kS3jnDeq2aPbp55YKf1juNjXDA	651875.710000	651875.710000	0.000000
27TRtBCA2zVqRJKCH47FyBD4615acnVqAEgZmaNQN42h	600000.000000	600000.000000	0.000000
27TmzK5XB89aGpkBpEJtZYCZ9NnMaap1HvxHF8fBfwG4	600000.000000	600000.000000	0.000000
2BBsuHJ1hDMA6nahVywT2Z9n7M1SBztreyYjfd1ZXzd8	222000.000000	222000.000000	0.000000
2BbfX5w76dxVzgpFFJuL2ZzUtUzVfHDcVv9xQoxWKgBR	1017148.130000	1017148.130000	0.000000
2BqxEFe7tve8VpA6tpxhnngkFaNjG8QpVdHpaKyEdmhS	164950.280000	167339.580000	2389.300000
2CYy9e2xCp4DqiaaELpnibq1Ziz55CLY344SasDcMcG2	200000.000000	200000.000000	0.000000
2CgeV32mpMhRywKeNPYuw5Xqr7x3a2C7Gs8s8zQTQiLi	0.000000	230164.800000	230164.800000
2DUxD1aLWGbrGqfgz6tx87V72MFyR9RLaMCRkxJwX22n	162938.300000	162938.300000	0.000000
2DfYrmdnRE9NJ7k4cvWSiH6xVwuEYfEiMqvTEm6XhHvr	391582.480000	391582.480000	0.000000
2E277iPYcSGWM8iMJunkr5CKWWbuiw2jQzVwDYUGJUfG	0.000000	175323.450000	175323.450000
2EyxycR8VaLQ9ATtNf8x9yNbCCPCxAwy2QCrKKzbH5kV	0.000000	136679.600000	136679.600000
2FZrd2hV9gccB4ajjqW5eXqeHHD4zvR8S827LcwsbcdE	235304.510000	235304.510000	0.000000
2Fr3Vr6ujVi6gC3digwnB6LJBQrgux5gQPMXPEWknMH4	626825.160000	626825.160000	0.000000
2GoUrG9JgdoS9oceThTwWR9gddDKwGq1tBJPZttvQSRh	16096015.300000	16096015.300000	0.000000
2HJYYR485dWDpgcbSJz2un5eyDq2cCV4a6tW32e4s8L9	400001.520000	500055.040000	100053.520000
2HP8pEe7srUYUvffE2N1PoukQNTCWxqXmfteprFZYARC	175556.900000	175556.900000	0.000000
2KvttYnoAnkuvtZKXpTwS1oz9xr7vfbsNXoX9NthWb6V	160000.000000	160000.000000	0.000000
2M4mRvnJEGkx6xgeV9QcLuZR68oRjXuANcgJmHnjTQBS	143188.830000	143188.830000	0.000000
2M83Hfihjno2m9NV39TsxUfajtTCq7hGwgTuSBV36k5u	0.000000	592863.430000	592863.430000
2MTjzkoBp3QPnFUm7zScHRRrtPkHX8PunyejUVFYPn7v	142877.700000	142877.700000	0.000000
2MqQ8NEtNEeCu6GV4g12Vs67UvGDdc8BVtFGzCXYVSxt	621675.380000	621675.380000	0.000000
2NFJWGwBan7UXvhAXhm9fbneot7it6Ab3UibdRQN66EZ	768677.970000	768677.970000	0.000000
2NYLosdQxVfkirVRai5oZxEnrSvVnPdDjWvxhx9tKqJe	0.000000	120621.330000	120621.330000
2PMj3oheQDREE7EKsVGDHgZCkaEdoCQm3HJRAjFcqfHc	0.000000	227659.290000	227659.290000
2Q1jAvJFD4ktSeid6Vv88gfXGDwfHZAM3DiS6PZ29KE3	263691.690000	263691.690000	0.000000
2QBHPdKnx6YjRx6u2BHjimWtURXxhKyLd4Z6zuUKy2H4	123782.260000	123782.260000	0.000000
2QxrAZE3LhcWwcW2mjdxZ1R4RsPppCGdVE8pMPqbSSqy	204262.110000	204262.110000	0.000000
2S9nV6m6vdSFvG2U6YeYhpnEdhFqT5AxSrdofUPrPqYk	0.000000	148534.990000	148534.990000
2SAXtFLzwf8mW7k2B2jFEmWWvKTFMaX2UYtSo1U6WSzK	150029.280000	0.000000	-150029.280000
2SiVHneFpqsH5ApYCEZVWSTmYNQ3EcGSw3PPBUV6VpcX	250000.000000	250000.000000	0.000000
2UJcNsbZJVhiyRYs53z7q8xXMv1TKVKaLP2Vyzha8rrp	494881.900000	494881.900000	0.000000
2VBJs21FbQsPW6pWSZAXJohBimnuVV5oa1SeFyLguQCG	0.000000	114495.510000	114495.510000
2VDK1KP7FWdhtzQ3UGJ4VA3YAhwL4ghU7J1EWFiTEyBh	8737043.650000	8737043.650000	0.000000
2VbWsWiya2ay1waDAPBXC1F7SStBPoxAKjjnK33U5T7P	184589.950000	122468.590000	-62121.360000
2WNapVgys8zAwzkoDojPviXUy8rknPLkk2CmENWeviHn	1168554.360000	1536478.250000	367923.890000
2WPqqffHxNfSDjzqf9zJbb7bPdWVWuzb4evTFeqhDSik	0.000000	135558.600000	135558.600000
2XGSeosDL6aymuhsyCE6K5Aueuu5F6XWGbje5rMYRosD	137608.630000	0.000000	-137608.630000
2XpNJLj6iQ9mDdWFRv19jM8EhvDDX2uSd1K1cKQh1UPX	600000.000000	600000.000000	0.000000
2XpPvSMuK7o5qkGrVHoG479wbBtqVxgjBeReZvji9qvJ	2865830.240000	2729600.000000	-136230.240000
2YAcxoths9kfAAsyJJtUiMGpxw6GYogbnU9qGAKXc1CY	377139.430000	377139.430000	0.000000
2YUxKtXzZ33Z6aEriNXPjeWfY3NX4AWNmqSzDPQzCFC7	264466.950000	264466.950000	0.000000
2aDBRNNdGEnCq2Av6Wz447CqgdEbmEaDudfGW1M85MAC	152588.930000	152588.930000	0.000000
2aR4sG7F84ftrrijZAGueToPxc2irGGUXZ6tVwk34SVG	300704.400000	0.000000	-300704.400000
2asPDQfhFZy6TuBVMnioMyoU3ptbpVBF8SiHiUYULB4K	364159.490000	364159.490000	0.000000
2axeS7ZqzWczarvsdbReBSBkrc5TupXM2m8etxa5Ad7K	520527.620000	504911.790000	-15615.830000
2cz8eeo2ByXU88u9PQhHAsRM6uVovgacdPWhAv9xaDML	150433.100000	141433.100000	-9000.000000
2dfKA2kawi8SRF3eyVdCxGKWNs5W8tyVXPLJdbZrxFo7	539540.870000	877053.300000	337512.430000
2gERX83zsKUut7dQBcunKDjU7tYhnt8emhfgVGWhqMY9	451000.000000	451000.000000	0.000000
2gpoAqYW2qRLDu7hPBgrkXgKZCHThDqaVxbZHP2kwnHR	251777.840000	251777.840000	0.000000
2h7LxHZx7MrsJ3oSmrRZDLKw868RBMRAZ3xG79Cutn4Q	130000.000000	0.000000	-130000.000000
2h7Ns9w2grSeQ9mE9WggJZvxMKKLNADJrKTSLucrbmzB	751553.350000	700000.000000	-51553.350000
2hTpbnbepqUmxYSp1WC7RzU1Rq3TMfHWkoUnSuS8eM8D	717443.340000	650443.340000	-67000.000000
2kJcDJwGyTrF4GiSpiBY9dWGgyk4hDqHGeUqRrFzC7VA	600000.000000	600000.000000	0.000000
2kYEHqRTtdeddr3d4aBmsxoMgoNZ2nvSStfFkPtTfKtF	729019.320000	364509.660000	-364509.660000
2kscyd5n7V2TujPdL2cnJDjJ9uZfFxvd3SLzezdRm7gd	210000.000000	0.000000	-210000.000000
2mb69VguYoER5dQT3k4BktmU1SR1zR7LJRSDFLxRNqfC	366218.820000	0.000000	-366218.820000
2nsTnCQE1xV4A5Gzr4G5k7as2vBn9UCoUyVz2GbLUXsa	126889.880000	0.000000	-126889.880000
2oNzdzDqCBfnCotJ4cyJJPrKQ2YQBPXMftqHNsdnbTnL	260180.340000	260180.340000	0.000000
2ouNY8igT7dk6Xz4KHb2yGsZ3iLYFGNbEmCySAQGVdUR	151035.000000	151035.000000	0.000000
2oyQMm6q6GRVjrPx3TnePLUMg42xdf1ZU3Vcs5dna8rU	448339.170000	425251.510000	-23087.660000
2ozLTt293LTMjjGFUR2Mrf9qbB1WMwvD5RJqRj322WQK	173237.420000	173237.420000	0.000000
2qYq37meLMJMvSxtthYRZ7jy8xQFaZrkFTH9AnhEbvey	201061.780000	0.000000	-201061.780000
2rJd9kaB5tqZMHyQK35dFQsXaLcpmoP2dCCsSWjtUTwz	600000.000000	600000.000000	0.000000
2rXyHU7F2NE6rbSWANDWJoCx1vMiSAuVeWb1pfWt5a98	384543.160000	384543.160000	0.000000
2rrKArh9H4c5Lwj6Zotx1LnRrnVw868vXEUYyTFENfZy	600000.000000	600000.000000	0.000000
2s7yEWS2yLhv4JwSdQALf3z1tKS7UCfABoXzVNngnz3p	605190.930000	605190.930000	0.000000
2sqtLbGP4vvidYquTEDGjkgwaHWgEX6qr1BYNfqqmzs5	317078.370000	0.000000	-317078.370000
2uet5iTQDKGPfjvauTAnxhxrgNqoq5kDzw2tgAkmjJ3F	1090931.980000	479723.880000	-611208.100000
2vALG8Z7uHjYZiFqQhkSZXftA6yfC3xLoGDK8zCNR8n6	291455.440000	291455.440000	0.000000
2vx9Cg9Bx1v1gWptMMLeL2SXedkmSWu6NcAeeN2Rk1Tg	525124.930000	550004.930000	24880.000000
2wr2ovUqDBFSvZ8KhZ31hqzVLbk3cKWPU2ArQFfUudKr	119556.890000	119670.940000	114.050000
2xi767XVh3bkkwpuGaGQemg11t7R1DvnrjbTfNf3EDMu	0.000000	150000.000000	150000.000000
2zzoxfZdgWfyumyZ9mPPsqKzeBptMudMRgnjWtgU6Aca	1280000.000000	0.000000	-1280000.000000
31cdNu69kMPALhfswRmsuTSmcQ42BE8BVQmSiNiPYpWT	265880.000000	329179.000000	63299.000000
31qPA3BGVEvzXm3LmT8miqLm9h7wvhSu3C8SnNmNJzJD	1510913.580000	0.000000	-1510913.580000
32AMZdaTKr26gqTDXpSFE696XhZJ9zEquNxQA3DwCX3X	237587.410000	237587.410000	0.000000
34qSTYsfmQcqjq9LvrLGavarD4f8T7wJaNDqzo91KgBb	19458021.860000	19458021.860000	0.000000
35zHAUnBgjVC2rNiaaZqzYF8pfoZHz8NWfLiRwo3962K	304890.030000	304890.030000	0.000000
36SXDn8o66AeVuvq95usDReosArJGmJuStQhxjA9y73U	4924813.350000	4924813.350000	0.000000
37RA3o4j6x9DZ2EsTwb7dwMbh646uTMap8AtTjDLZvWA	166878.710000	227343.290000	60464.580000
37u9KrFXHA7dDaaEMvpXjq9NDg8NdTyYXhfC8bHZBCBN	153834.020000	153834.020000	0.000000
385TRzNUZ8Vxyvf36o8Cnet1W9ngQMK7whU61vcQsrGC	1300950.000000	1800950.000000	500000.000000
39spaLAebiPe74qjAKD5p4sUb31YwEhSUtrJjXsXCSym	143003.020000	150008.020000	7005.000000
3A9ErZUAUdHes61eQ4R7vGrFpYDsLP2tVzrmQotZffj3	132330.920000	0.000000	-132330.920000
3AWDTDGZiW8joyfA52LKL7GUWLoKBCBUBLUE5JoWgBCu	11095530.220000	11095530.220000	0.000000
3BkejdjrqZnUxrhmzbBJjEayW9YkeA6T7uRom4FSnFn3	151781.670000	0.000000	-151781.670000
3C6Aa7WumUkMSwpTQMf7oPmviimo1MZY31BNSqo66Uzn	406525.270000	306123.070000	-100402.200000
3CT4bF8Sfy7drbwi7ihjcbpdQdLTMFZKGUPTdG1vZ8Ve	602728.590000	602728.590000	0.000000
3Ch5DX7ne6J4kEAF4m6QhBCF2Dkdr6puYDzaghpNmyHa	1979990.010000	1979990.010000	0.000000
3Cv9r4fYb5DyigFPLjvKYRiWpEDhfWZ3EtjVc58Mdw7u	600000.000000	600000.000000	0.000000
3Dxb8tCthhU5L4anbV2fH1LUZtLjha43631Kvks8y5TV	240000.000000	240000.000000	0.000000
3EWDBphjyEACXBhh3DFVbVcQBESQdvKYA1bP9sDN8Jy4	115077.220000	115077.220000	0.000000
3EeFFGVFg5eJTRVyVBajuWLAecGQ8j4eWjUn3mqrFPE4	500768.640000	500768.640000	0.000000
3Fw4KDresTNB1GrwA8TAH8PMnjjDyZFT8xh2jnzD8oMe	1189275.510000	1189275.510000	0.000000
3HafCCxCngAQcnvWfU5oKcqNRfjXBd5DXiKPkp9R46Um	0.000000	115424.280000	115424.280000
3JcQSpDNtjK2ZYdQPYgpoZXt3wLsTuc4fkfJ13t1oHCG	464242.060000	464242.060000	0.000000
3Jj85exx96ZLDuLBP8qUZ4NJQiyM94nqpzMuoKShPbS8	282472.710000	301269.070000	18796.360000
3JkCYLFYSwbAamnt1vujZcQ7333iL9yb7aFBhqmzqjaG	401192.670000	401192.670000	0.000000
3L6ALRLKHPEyWxgRis5UWfBU4tMXGxSZ4GZN18vEdEJG	565000.000000	565000.000000	0.000000
3LVQtLouGPJcSKX3D2qNfwAj6hbdNRptdgAXkKVRWu7y	120000.540000	0.000000	-120000.540000
3M7pp3byL9Eq8qp1jBB5sw3dKRXrLMn1CdWNwmRziERh	0.000000	123872.500000	123872.500000
3NoWMafjac7qtSt4LQHRispawrQLQ79xcUCJMsmgKf4n	810000.000000	810000.000000	0.000000
3QfksZygmGBa2ozT5cQZ3emB6kJQWrWjNHpufcM1cW2y	417822.020000	451925.470000	34103.450000
3S623rgUeLfQYQkFSyo5b2QbLFXoA8LSKCCG7PB4hbUz	1000000.000000	0.000000	-1000000.000000
3UpbizXk4XvL1krEGvQbKKW7njwQRg8K6qu6eYs1rs5A	230276.310000	230276.310000	0.000000
3Vd3cZSddR3ehLUeSY4dh7U1nq3LbkCrNZxzKesK281Y	1123334.120000	1123334.120000	0.000000
3WqyZ2NvkReonbDAxQ593PGzgeTtQc6sLr9SXXaqXXR3	596968.540000	596968.540000	0.000000
3XoMBzqUz1KmJNbWb4CuHqRAzm3gMy1zZh6Gu2a8AJPH	120258.000000	120000.400000	-257.600000
3Y7VYYWj4CrcUXeoCGpAJBpP4b7Be1WEauDuEcqtkqFQ	5111638.060000	6133514.640000	1021876.580000
3ZzK1r9Trx9ZWmWjppFEgmav2qB8z2pbF3iAawG5z7y3	121343.650000	121343.650000	0.000000
3bghzZWVSSZhRjkWzLhX4JcX2eSiSGjDNVqyT5ffq2id	1741045.090000	1741045.090000	0.000000
3brgkW2snQLFKsn22RjmuJVL98g71UwAwGKD6Uiky9yP	1271831.710000	1271831.710000	0.000000
3c3zzwLHDbEJAQymbm6tRJ4rR1o5j3BrZUoeUhCJUVH3	260985.480000	0.000000	-260985.480000
3cQTRqJCiwBzbkVQc2CJqDoxKuhfzkxQEb8BFqdhYDJk	9600058.000000	7650058.000000	-1950000.000000
3d3HXqdcRQpCRuE1Ntk8u7B7xHzEe3JoaFFeeKe7c3kq	0.000000	265607.250000	265607.250000
3hpzLY3vSrszLHCih6SrFrB1UZ9s8oJjEFMBk8EdQgea	195595.810000	195595.810000	0.000000
3ia5ZgvQKFpyCZ1bBWRk8paHLeBoLNbVgGNpLL95FPbV	329530.300000	0.000000	-329530.300000
3kdPcpBmGSg3WJ4GMjQhjC9G7N4b8kya7anm7DzCozTS	2258623.550000	2258623.550000	0.000000
3njWBzCyXfQCVxD54RYmGgxUurfMNR8y6sJFAGgzBUfX	141249.190000	141249.190000	0.000000
3nzqdQkktmyjHHA2vsT7eo6qPDmFP89wSB8itL1YVK5q	158711.990000	0.000000	-158711.990000
3pwrbkidRUDpbBk34ApmB19EpmZho6B9PR9tTPJsuwHF	264439.450000	264439.450000	0.000000
3qrrcki43YyZbpkuXFps3SigMhwCuxYCqEhFFJ1z8p9e	252062.050000	252062.050000	0.000000
3rSAKRKMjGHKWWneT8wiArN5FiLZVdCw6FUFCYQbZ8FE	250000.000000	250000.000000	0.000000
3s4WMZpaNFSbVtfWKHrkwRcGPPDWmGgH1qpzGi1D2oT1	156753.330000	156753.330000	0.000000
3sqSTNfchZNaigzKzk3usAcXpBpYBut7p2ipCma2UPtw	300920.320000	0.000000	-300920.320000
3tCDDeqmCYPMcwg3zD6543GtsJxYzLhqJRFWoGmUQdKd	233052.370000	0.000000	-233052.370000
3tNpkaJUAB7K585Y2FMBVSQiMCMeSeKZQrwuWDwTw3aE	0.000000	288000.000000	288000.000000
3txQ2QaMgxrnnTwxzJ7M4JtRV341vMhSXSRAezgrVUxa	126140.860000	175560.840000	49419.980000
3uaqGvTuSdmwkUtrjUeDeAyiHH5kkBiQ2Da9EsFdD3hW	145247.500000	145247.500000	0.000000
3v3zC12JeQyYtUepi3LFwCkZ134uqonCHhGgp3mhQdww	24805409.490000	24805409.490000	0.000000
3vF2hivkX2XF7KQRrqq2efBCMXbwtLbPkZTrfrkLum51	1000411.190000	1000411.190000	0.000000
3vU7LPbnCAYV3y6YtVkPCBgnYtTJRZWHQuSftihrGXa9	220484.460000	220484.460000	0.000000
3vfhCwoxR8w4mQ27oEtcTSJ4s1iMeNdUyitpUpsbmYU3	150000.000000	200000.000000	50000.000000
3xXLXzuD3Pp8f7oC4JtSQpiTkehohYVZZj2GNaGuLeim	142088.620000	142088.620000	0.000000
3xYRhHeyjWoyEaBfnXnJgCW8pnYM7wbiPF8QbwqjLbs8	0.000000	161234.060000	161234.060000
3xmcyaKmuWZpU9586H6FStwjbPA6XuuJ6wwYbBF7hXnK	370375.520000	370375.520000	0.000000
3xpvTaBJwnbudwzSJyNXP53EtfjJj17LunQKfkVZSYQM	191042.060000	0.000000	-191042.060000
3y1jvCpZ4HbHYNvuPcJ4vRHub9TBSYXc3yrBFRjKmgrH	18593662.580000	18595054.960000	1392.380000
3y1ur3VegowHgc5LpKyf2maD1TgG13Xb8j5ziaSJQs4H	128535.720000	0.000000	-128535.720000
42ayJDCc7KoGjvTZNpmCHAymX6uduHuEUb1LAQd9nVoz	239972.960000	239972.960000	0.000000
42f7cEQ5L4Ncjc4dhkiK3CmbDcDAHVGv1GpNzTMorNTD	209540.280000	209540.280000	0.000000
42wCrqFRpYvZuKy7SHf8EqWbbrBo6hMFfawf2MwZ6uYs	193132.840000	193132.840000	0.000000
44aHVnnQP7K1MjHQmo5txtpTejCK23VwFhxNUgEy1LCg	600000.000000	600000.000000	0.000000
44mNT9x9XSU75ZJmayeZhtpYaDP5p2G5NSUaHzQtRk3a	578091.010000	0.000000	-578091.010000
45q3xMTHtaYdq3cbQSK1sNZV8SLq8FH5LE6AQcbs1J53	0.000000	146867.570000	146867.570000
47hQ6bzENdMMNc5dpgkifNbQbJdqxnJvuQbqJW9mkSDK	252503.770000	252503.770000	0.000000
48gwpR2hEtUMqi6J5fphTkgwpRLECH3z5wY89e75Cdgv	170863.860000	0.000000	-170863.860000
48sp5RQBpMc8KsA5dVRV4CFuizcyoBAcLfPxb9bFZHXw	222775.640000	218675.610000	-4100.030000
49erLV1RgVF3hf2R1iuVfDtHBAS1w3Bdr8KNBTbbnSZE	0.000000	344454.720000	344454.720000
4Bsu3GqSBYN8DQvd3GtdoaMsM8jW6h2qCepirNd7tnuC	264238.060000	264238.060000	0.000000
4C4dLgeB3NTPPShG6L6JnzePxzvs7W2ZMp8tyfERTtXh	150671.850000	150670.330000	-1.520000
4CTL4JMQ5t23haLtkCeJz3M7Q4KUYxeAB9Zi2HVTTSe8	213304.640000	213304.640000	0.000000
4Ccfo56ce2BXTvj5NoUaxLhXmxxtsznuuwQvyE9N8mp7	115252.550000	123227.620000	7975.070000
4Cw15AhtfmbRDEJmjwCBGtYwGPCKpErKA9M9oPFozC4h	269234.590000	290234.590000	21000.000000
4D8rnPidqA8rRd2F3Fk9mdE2uqwihMWfX1T9oJUEhZNZ	256499.100000	0.000000	-256499.100000
4FMo9mLkouJ1s8748kWEkwtvWTYfi3HDGhVFhUB4hzCX	400580.440000	508121.050000	107540.610000
4Fko2pKXUcN5jBp2Rnf8ouh95FarjVUdPM37VcJk5dKd	503181.070000	572500.210000	69319.140000
4GFVVcrtwKX4yFgtsqjFYHEpotto36BUCg43zowc61aw	150100.000000	145000.000000	-5100.000000
4GMSWxJLUogchp2i2Bmgs2jQ9L9pZXA6bXNtyasJMBZq	144701.360000	144701.360000	0.000000
4JLg55RpgV5cs8fXCquhNPbnzLEdPCSUrHuVU2YGBzKG	0.000000	380809.770000	380809.770000
4JjbW9wZBgnZT2wacbtdmuW899GinxUnvbLTG6GKFXVM	1500000.460000	1500000.460000	0.000000
4K5fh5nDNbWUoSEshHGkSrTXQd4J2VuLiM8qMSiGBMRQ	8217559.090000	11842835.510000	3625276.420000
4KBUnPPqsZr2p2vmSssTNj3iBo94VFvqjA3vuW2AhZZ6	322736.290000	322736.290000	0.000000
4KxW99xhwKxw4L4tp78WYr6wWizrjBzLhkGreNKT66UY	0.000000	131694.110000	131694.110000
4Lca6mvFLS2sp3RwsZ1dcpJK2s4ArBvX27kxbZ6U2jCm	427141.610000	427141.610000	0.000000
4PbAR4HSgH5sHuXkGVWNNUcWk2fPrTX7ouZvQKxWksHJ	195167.980000	195167.980000	0.000000
4S7Tfb5Y9ZcLtWLHZhqeXwV5h5tmGRQ6D6btr5XcijFU	155000.000000	155000.000000	0.000000
4STQPKVes7NHm8qLr6kXUxcxmcyru5GN8u1syJuF2s65	156400.000000	156400.000000	0.000000
4ShZhFaaEzZmjJZSyis8qY1CGSfDnxKmZePHWaUNAY9h	148040.940000	148040.940000	0.000000
4SiNZvrVNdJgWBNH75cHsn1XLJxtdAktdVHdA28Zi3pA	430427.770000	430427.770000	0.000000
4UEZEaUvUja6NGh3x8qnzCwJcib48eo6GioympUWmjue	0.000000	203571.560000	203571.560000
4UkC8ks3ZeBr6fyzUpXjBHo71SwG3BydEwa8Po7PFoLi	157408.410000	160203.760000	2795.350000
4Ux5sv1A5fdLyea5EtWt297HScWrUHJ6CKnPGsNfb7ty	230015.410000	230015.410000	0.000000
4ZdxSjRHeUC95sXZ6z5NQHbUJ82YVJmiatcPg4VJ4L3F	600000.000000	600000.000000	0.000000
4ZeXDf8ackaXD2XnsDqWRsy69DKYv3jzEYLDzgYQWGTM	115448.210000	115448.210000	0.000000
4bYTrYZN979psSmore2yWtvYFeMXXVWNDWRqurCMvxgm	423811.040000	423811.040000	0.000000
4bYUZ5api1sdey97NuyE5Uv1YU6LKpbCGdfvR3xCzxDx	828497.120000	877301.960000	48804.840000
4bkx6HdVvbANKioyydJQGed2UiUJVVSq26jpqwXtty3B	605547.470000	605547.470000	0.000000
4eCsDGPRL7yEBNkUBzAdB88HuT91fAvL3zdbsHZN4yn4	2333752.410000	2349758.660000	16006.250000
4ePot1yLJ4MFbhygcP3PVH3QKzfSUVcBKX8qhhDGH1KT	195075.790000	195075.790000	0.000000
4eqn5rHDdLTJB1BMidgPkHgWftYgWMxnBwRjCKqmWGaS	231422.220000	217483.250000	-13938.970000
4g1ytSmyujmWmYYSaJRkLgo6syni7c9RX9uHmxSiKsu2	0.000000	161590.220000	161590.220000
4goHATpHshsMd5C7YLSJk7ZAiJk5eUtL3zEk3mW6zQvd	378054.670000	378125.460000	70.790000
4jXEPmvGfUGahxGpu5fQbJR163v1iJ49PKmSX8S7QYVA	487796.520000	487796.520000	0.000000
4jt81yStW8GwcAXBeCKGayusFnTg3NYzNMxgaLwwKUxu	1078582.750000	1096301.750000	17719.000000
4m72fcieYpvtrwNw5RkBsGKmgA2un7vu7PARrQCSBTzy	1409841.810000	2730760.930000	1320919.120000
4m94MWk7mt7kvLrZeYr3iKGeMv47w9y5LZNCTNs38Nnz	182654.190000	182654.190000	0.000000
4mCvKnc9CxyxRhDVR89nxtZhEcV2zvvjVNmEaeV6hTRE	0.000000	579746.940000	579746.940000
4mqRkgRH1cWFH6iaXGhyALfaivHkxq9CMcEokhB4zPoH	600000.000000	600000.000000	0.000000
4nFBeyBDSdNMzdR8AFGoQgkYmRff2eTpW8PkttTyZtBV	597029.320000	597029.320000	0.000000
4ndvQVkpmJiEE19d1Vcu6JTGuxz1CMRU1LXmU4svX5qS	4542611.560000	4542611.560000	0.000000
4oXhhNaBsjGQp12px1JKd4bBpusXUGCNQ6gHEfCPyKDa	120591.270000	0.000000	-120591.270000
4qm7sJy6U3Mx1xJEWa9yhsFKU8NLTvm2MyW3TcnH1WZz	488391.470000	488391.470000	0.000000
4tZnMkyUNmyWMD7tXjSfJQgtqAEiepxwPYZsxb4B7zPs	501179.150000	501179.150000	0.000000
4tuLXXHJJPMCaM7z6K8RStZPNoed64iJgNiXWmP9sjYW	150999.200000	150999.200000	0.000000
4uNk9hJzXg3hXW8juGTi73FCv9ix8gkvuN1NV3FfuXef	11177519.280000	11177519.280000	0.000000
4v64eEgXNwk5MTrZbrKxLmM23jviomZT3n4Zyb5i39iB	330034.150000	330034.150000	0.000000
4z77qVTweHcfNdVQa49E1KY91dy6ZqoKCZ9UUuuu14ux	150002.780000	150002.780000	0.000000
53gDPFjMUJonVZuJJQH4wxqYY2Zrokc7TNiripxPmde7	2760980.800000	2760980.800000	0.000000
53x7hP1myQp9bvARHtomeXgkSR8x4htbNeGgNf4icsnX	144884.820000	144884.820000	0.000000
57mwudSgtKiJ1m6FjbzxziHWyqR4dJxDY4G7x5vLcRLq	0.000000	201563.960000	201563.960000
58LhzvNQ7s8Ek63XndnRTGGG4rctkFNKNcCwroAjNpux	323588.100000	476429.820000	152841.720000
58zQZvjGQkMfgUqmy8TVqWE7RXi15QLZpJYtgTpSF1mi	173037.730000	173037.730000	0.000000
59m1Jbs2w9aL7Yjsodriym2vL92tQ71pasHCL9ywRsqm	457256.490000	462569.780000	5313.290000
5B9aDkW3FyxTuZoMESrWz3xaFVGZfvZgGeYUmdAWvNuD	182513.380000	182513.380000	0.000000
5D21hyxrekokcF1yiNv5hNBWNKcEdCF32jaFg7hTzSpe	0.000000	681848.940000	681848.940000
5EbgZ6SuPx1Zgrz6JSuVpDoRVkScaZcJ9E71E4pXJViz	928587.270000	1058644.250000	130056.980000
5Fr6VGKma2rnFp4AEp54ypezwj726L2udyNRtPBg59qu	0.000000	250294.060000	250294.060000
5GyqmvsitQ3jUD1oiciS6amPX6ZMAYYwAhV916KB7ZSw	247024.360000	247024.360000	0.000000
5Hc1iSp9rHDrCTrzQ3NB5ATmfgZ7eHGqykWvNGZkZue4	0.000000	195585.320000	195585.320000
5KFD5jZWzMxH8ejbSLWJTRQYUtcHN9WUZUXN5pnmRn7Y	1002373.200000	0.000000	-1002373.200000
5Kdw3HUdGyqa6SvrzcxeDLQcPS8f9AKU3aa9T97PCj54	1084461.770000	1162501.500000	78039.730000
5MmMKMCbRgHVB4RSiditYbx69d2bC9UYuGsuPtMFLroo	0.000000	150000.000000	150000.000000
5MpqH1qSFtNue19Apy9so2JkDSdir58BDLnCEVafG7s3	485043.180000	210043.180000	-275000.000000
5Mwf2CsyNm1nL5KMHzhoEtfEXvsCc2EkvA43GBvW7MGe	250000.000000	250000.000000	0.000000
5NDGWY5ahREkWsiUZhod5XQHZUkqFAcnebTkkDXxy1Ng	553825.720000	453825.720000	-100000.000000
5P2c3jNJ2uj91W6dMBxwCEBAtVBVySiP4TGHf1W8GLi7	349279.380000	0.000000	-349279.380000
5P9aY7RfSJmfFP6eMJ11zVFasrMc8WSrE3vdMNJgc6s6	234132.280000	234132.280000	0.000000
5PAhQiYdLBd6SVdjzBQDxUAEFyDdF5ExNPQfcscnPRj5	9243905.670000	14996085.580000	5752179.910000
5Q544fKrFoe6tsEbD7S8EmxGTJYAKtTVhAW5Q5pge4j1	35837809.280000	47339101.080000	11501291.800000
5RA23pdRqxPHjGZT9kUCdywx5QgQ3NFo5NXiNSsCCVEz	173676.210000	0.000000	-173676.210000
5RjPeYLbAAewGM9wdYyuoFvH349NHtVAYYS1msEVzsVq	208568.410000	208568.410000	0.000000
5Sg3h5Wcass7WHdDqMMWGbiP2HuQpQkgGJ48Hkeuqqmj	195118.090000	195118.090000	0.000000
5T6LT77pwFdCBdq4kAiuvfnySAvMRXcbDYoQwmqoMxkB	1142577.610000	0.000000	-1142577.610000
5Tn5zxHzcC3sJzPnrjpzu8XYsE5P8sAb8o7RqJmPHTG	182357.310000	182357.310000	0.000000
5VEsuSbSCtC4q63seAC731AYtJkTcmrJq848uFizHbXJ	370959.110000	370959.110000	0.000000
5VNLd1Zd1Pq96AHxMQnk5oqgD1Fza2qJ9gQZjL6SukUo	188597.560000	0.000000	-188597.560000
5VfFGsn2gFJhfckkpaWbNXnmcETjXTpPWLooFnqcBaYk	337482.250000	337482.250000	0.000000
5VgpKeYRFAiuD6VDgTwakMWwfPnFqoEd8je4fUNLEbDX	280041.770000	343411.490000	63369.720000
5VnnDb6r4i8aTw2iNTCiHt4DmbpKnPBZQHNp5QFA3pgs	413734.070000	413734.070000	0.000000
5WNEWoQeEwg494e2VJxzHhX77iGyxWjJUHzoLyfnMrU6	317414.750000	317414.750000	0.000000
5WpyZF8eoYwdQF5JPmZCn4NJKZVMDHZrYwgj2YLZEJvo	133091.270000	198261.100000	65169.830000
5Y6ZTffQ42ukhjVHjkSHqxUMbwRriuABYKtMt53m61dW	343162.210000	343162.210000	0.000000
5YeJFKqBgVb3kkTDPbgH882mZftEC3tQ5cWeYWur431t	3426513.420000	0.000000	-3426513.420000
5YixD7nfJnZ4LDzAzwW5A2Zin7BuiZRWCiB4JA2B32r5	336264.140000	336264.140000	0.000000
5ZKJAiVfb7z24K9qr6q1gpM1qVWnPZXCmqz6vxvfuCMT	151704.140000	151704.140000	0.000000
5aQDPxXUv3mfiMsBiK8wCco8BQqG9sPx9vRdvzjhPZoB	500000.370000	500000.370000	0.000000
5axqZQGKW6xPiMVT3Hyn3MGGeZ7PWpso7D5A1C7URtjF	131159.890000	131159.890000	0.000000
5c332dfNmECAF4gFscKKfxVkrL1ebrqAmQLxDSCNDTJZ	266603.510000	260904.200000	-5699.310000
5c8SbcQr7S9Vi163YmxVhKt9HmDBxquuf2K5jXTYXKFA	301319.720000	301319.720000	0.000000
5dDDSix4JDnGGRYxntQKpbnWzMyedu9euxy4Jc8D44yF	6631220.390000	6631220.390000	0.000000
5iNsB9SckFd2nLVPWQtP5t3Gieadkr2WA1cUo13ViFpt	782918.800000	782918.800000	0.000000
5knsFRo37FTWFBkhcqwKxzuF2fUfR1WMmiCqfQWZZWGn	0.000000	125000.500000	125000.500000
5oBubTbHy8E66Lw1ipMiD9s8MtYKeVpNwjUysViZ6JGv	0.000000	117428.230000	117428.230000
5oTXqNA4sHQADgUSdbxQsYt84NkwowGDt2F8zy1UChdz	151310.860000	156497.110000	5186.250000
5pFkjxtdiKGpvWwJZ3Yrq9zhUHLyxebNH8ANoCzEMQTG	191364.180000	191364.180000	0.000000
5pTqaQarBH8TptqAQtSPYKKH9jvU9u7AbQDwqUjN1Fy	212852.000000	236928.700000	24076.700000
5rNVN6nMo2LhwQq6tifeWhKkhLkQF29pyh78G6BysT89	1339757.880000	1339757.880000	0.000000
5sdSX13aeHWFDc7EmqneM3qEDEUKE2xV3q92miZH6qBo	0.000000	152259.600000	152259.600000
5tC9YKRrqtebXRRqgWcih4ve5iyPYCAGGQsve46LXgeM	896111.630000	896111.630000	0.000000
5tJsxp9UjAZvV8k5ickdA18885nCHCRtpfvnytCMmy5i	6123511.630000	6123511.630000	0.000000
5tKDgvwEMGpbw9UJbAJUmeaUD7S6K6exHdayErQhFSRE	147178.120000	147178.120000	0.000000
5tcG952iQtgBnod1tx9CiWT32k1QUVa7RHMYRKiuvQvw	182466.590000	180018.910000	-2447.680000
5uwK9LtsL1T9T7C6SjVNkDdgrYvi9GbmK55pJUiFY3VU	305214.180000	333153.340000	27939.160000
5vDuVwhx3NfJZygFeivCtxWDgM8Fs8dMSkaX4yxJQwjd	114632.990000	114632.990000	0.000000
5wJFhXaKWUPBrZZXLVUX4hKpxLAokJYgN93vmXMyyvyU	300000.340000	300000.340000	0.000000
5wnthAyFAAwJee6TCMaiZwzHzMK4mQyGU59NUL6q9wfs	151000.000000	151000.000000	0.000000
5wsmk8Hd2opLvKuVcLbLpxvHQFeTtC565frE4A85U5E6	976457.740000	976457.740000	0.000000
5wzWZyRdxFhNJtbPDHuAFq25YzCgdNTeXULsWbWwW38a	196101.600000	0.000000	-196101.600000
5zxQTGFQju5WJzkNoWGvKXuHNRTc3wpsB9CZpJruDTZc	115691.450000	115691.450000	0.000000
61tNP74HP7EGL5Lhee8ciNbuYc5uLSh6uuyHyvgxLs1s	400062.430000	0.000000	-400062.430000
637CEi7Yaf4b3gNY56qmv5HdVKU538AZGWWWKyAhddhH	408597.600000	440096.080000	31498.480000
63HSNoPPneggDgWpK69xHifjgX5c4WgEareujvQXSH1q	170003.070000	200504.170000	30501.100000
63vCFyjpUua4RPUYue3ked5RePo2YKzBzH8EjUvthQEf	0.000000	150000.000000	150000.000000
64SZ4kSXvZrDUrqDgHLYx2TNwx1h1ToazzaATjjNwhZY	251843.090000	236010.090000	-15833.000000
64V7qJKCX56u7WwoSB6tjKAb7qZnsETPnEEDwCGZiZRr	1000352.860000	500000.860000	-500352.000000
64nQPrqp4VWAWCNX2HQGQh5S2q5LwSMxrbfh4WGQzAi5	234767.570000	234767.570000	0.000000
6514wVUWx8qtiMcjKsQQf23opmeTwPoqPwGiX1cBZiN7	845540.690000	851019.670000	5478.980000
65BrF3ZNBR8VzXRohzpz3s1ERnE39bZW7r7w8mMozbF6	400000.000000	400000.000000	0.000000
66A7YJdxTYoP6hhSzSGt4PcxR6AcBzvhkiTPHUMpLK4X	150000.000000	260000.000000	110000.000000
66A9cS9arTP3V5igHhWksMbovcKksJt5XqnSU5e6oEeA	600000.000000	600000.000000	0.000000
67FT7HoRJo5vjqtnJTYmMtgJxp9iZGDVoc2T5TMYdysh	174474.040000	174474.040000	0.000000
67R9ExZMZfzWsewuoRUWD1NuZGwzvGUiw6Tv3GWHAh8D	600000.000000	600000.000000	0.000000
67iX1WTT1D7ciSWNHjyX6ZzVYXyXxnj3zs7CYQCUMJft	126503.530000	126503.530000	0.000000
67yYSGa5enhNTNSWPtxnkM7Cd14EM62krFKPXhVS5j3V	0.000000	183435.400000	183435.400000
68MJWQhTwHxe2cDjMbjjXcjNQgpYkss1TZB8oBzGnznS	191391.270000	140270.630000	-51120.640000
68hKi9cCkZ6GNSnbatz6XmzJpKH4KSck7zopRaEC9rXg	609651.780000	703331.370000	93679.590000
6AeWGSSC1C3JtWmtEAgMnD5HwvnxE9NPy7S1wT3FgUSp	146550.320000	156855.430000	10305.110000
6AgE6pEXEp4pi9PeRPyLgDfT6a7wBR7U74h8G4MJq9m	150000.000000	150000.000000	0.000000
6DX2PsNiKrwpPgA85eHMNHQzGdQCuiAGqCBsb6oADiV2	114893.280000	0.000000	-114893.280000
6DZEHkXfeJ8DybKqU7aVxXincnt88mYENmdNXKch3wt1	156730.150000	156730.150000	0.000000
6EbCKwyRCPUVuuLvxQ7fBs7yvk7x5KdrFTzJiBBYyne3	329062.260000	329062.260000	0.000000
6ErmNnDaqWLZmZciSfRp2Gca5tXJvuGi9LjimHpSAp6J	0.000000	185868.700000	185868.700000
6F4KzwHnxocZWuHRtShwUAuF52Qu3eN9oMdtNxQWaAkc	0.000000	251000.000000	251000.000000
6FNTVs6MiuF3S4CmfhWBRoWeJ7oQC6fQiJeSYnTortnD	563689.140000	563689.140000	0.000000
6FaGAiA2UxZfdEgKbgQERF6Y8ifHcu7Udz4zK21NqtQ7	600000.000000	600000.000000	0.000000
6FbPvir4h42jxhq3uYNnBFrQyKnpCaapKuqvysR3NoSr	267035.080000	267035.080000	0.000000
6JhhcaCttUBwCEftFn8Wu4QaWgtApJmR5ui6w37PbMqj	146205.370000	146205.370000	0.000000
6JoP7T58LJLHMz1Uce2osdXi8EY2x5BkgecDbcmigFr1	170042.880000	0.000000	-170042.880000
6M18YJAbDPd9YoVrHb5bJvnKb2bVg6TFrrMEsJJnpvHD	450000.000000	450000.000000	0.000000
6NSeWWX9LHxV5ZRqufu2cCeoa7ftBD6jkUWR8zVdQrRs	378899.830000	378899.830000	0.000000
6PJ9wXyYPR3vKcZZn3dSFod4ffmyvESaRU1v4RncUbLp	124798.590000	124798.590000	0.000000
6R77wPs6XhqXygH5hbhdPwZJDN3TKtJMD28jRwiXLqGo	535416.820000	535416.820000	0.000000
6RuqGcPvYkkw2cu2TQufuFLBrYoLqgmq1NoykxoyC1oK	501632.570000	501632.570000	0.000000
6SMpQDbg9QD1BA1U88uCxHMK6PmCcA7gGPhbpTJWVagt	180000.000000	180000.000000	0.000000
6UfFs2VjSjFjuHxukV51stU7vWuxmcj37LnqA49dFq9c	212646.230000	0.000000	-212646.230000
6V3YLLvE2rzk9oMsjFQ6Wjg56wEKjdF2gXVUHX85j2KR	7864337.980000	7864337.980000	0.000000
6VzVA2sUqiB5oVGQtj2sEChqE8jqco9gVQXdjQgjkPLG	281859.810000	0.000000	-281859.810000
6WDN3pbfyxHysLo6MjssGWTbVaPakfLhfZoiRMWo6R8Q	0.000000	293929.560000	293929.560000
6WGF4PwE9TvSH4p1EVREyFp4PjoMz84KJMzAwxkWbNqT	0.000000	116289.980000	116289.980000
6WRN7h9rcPxbo8qXvNfdQHjjJpUxZ4jtD45WubnDvno1	600000.000000	600000.000000	0.000000
6WTH42KSym5xvTPdpX6MWMgd7pw1MUydmogDFWjEQd46	300047.070000	275047.070000	-25000.000000
6X7cgMB6hU6tnCmNFvnzmFobByayQtyt1M38y4FKtQak	0.000000	173129.820000	173129.820000
6XeHZXru3FWpNcT8W4AgsTr7JYqPef3Bres3wF4BPN5T	1315562.380000	0.000000	-1315562.380000
6Z5j9Ya8m576545T9JZwBkpdPVS6xeVtHqBzT8YhNRqv	0.000000	299284.440000	299284.440000
6aGMvgVAMDvyMhUbujA3t2VLYiU9j1eQbGQ2tHqdCLno	0.000000	152603.590000	152603.590000
6aV6vNa9D6zuWr5FtNpXffcAVbUEhMSeGoMrU4tQRdkP	0.000000	150277.690000	150277.690000
6bgvJgVWYmwbjr3Yov8BXaRKK5ZPrdPEnQiErSpXT4ku	400000.000000	0.000000	-400000.000000
6bhVrK2zFFr8c7a4YqNknG4y6aHbaVE8HVDJSHY59ew8	0.000000	136131.020000	136131.020000
6cPD7yH3NM89awvBYcyBvghbTyjTyubVGtNY1EpW3xbv	340002.930000	455000.000000	114997.070000
6csjRHfyo4dxHCu1jnfM8y9eLGCoMgc7HrVrqP72iy8Y	573718.350000	573718.350000	0.000000
6d48kXs5vioXPVGWo5hxQf15DN3RaA4YPimvg1fkwj57	0.000000	125617.500000	125617.500000
6dUaYX9Z6aQPY66BgD4yzu1saifGAZLrhQqF9BugJxJ1	541401.840000	510801.300000	-30600.540000
6dUspWCpct9a6DSKUUWzCuxvHP1Sa7VWQzSDZWrj5w4a	0.000000	300259.970000	300259.970000
6dzo94XZeqbT8Gt9Fhjp82BH5ZEn6QqWCicW9jSTmbUh	529423.930000	529423.930000	0.000000
6eAaEXsvWyLXSSXvdsRv4N18bZrgySmzbNAEApVmB2UF	146135.350000	146135.350000	0.000000
6ewevAS9MxdWC2HwfHq3NbKteDsdEcZWFfKSNk991Wu7	173125.020000	173125.020000	0.000000
6exZtK1K3FAazDyH5JK2EhCaL9QdWYHWFasH173148yt	354919.110000	0.000000	-354919.110000
6fDhAxQDQWN3DoBfKmQQ5pSr9pRVPGyHhwrF4LWuq681	127432.740000	127432.740000	0.000000
6fYPK6XuctsYF8mV9fwAwdvMxEhnKnYsjg1M1QBuer6V	245018.110000	245018.110000	0.000000
6gNpxMjeWiR2KGsgXZZTBGo7pcWp79MYXh1Bh9me2QCj	259421.780000	259421.780000	0.000000
6gUnH55uiPJA7yFiPn1NyYJUEysaQgzvKzDTezbFs6Wx	0.000000	326558.340000	326558.340000
6h8TAYpb498RFe4pC4TAA4couDbhxZRSombv743SvrHZ	135000.000000	221396.820000	86396.820000
6hgJ65QCYP4qF75GZVsJqQA3w4rt9ocrY9HpERTwfLKD	134444.880000	134444.880000	0.000000
6j74GT8o5E81DUGWLYe6qsK8YZEALXTzEQXzVpG5s8Z9	755873.890000	755873.890000	0.000000
6mcAKqEnY2EUnAzhx6bNb5Bvz5U2H6xTBhxLFQxW5umr	137196.280000	137196.280000	0.000000
6mvH8172UpLK447uWwVCFaTWZjuDH5MsdQ52J8qZYDRh	263101.460000	263101.460000	0.000000
6o8frevYJaYG6iYPaVoz7m4CsfodE56PtseW9ezFVpxa	0.000000	225825.660000	225825.660000
6pdW71Z5Ubk1xxBShMBJtFGVXz24JMQUhCXdPAwu9k84	427833.560000	1183502.190000	755668.630000
6pe7TaH26xbFWL1QFs34SwC4HZGygc5SwQq4PSHekKvG	1195476.370000	1621306.220000	425829.850000
6qaYJAQjF9FRnKR8XcJN9tQwgD33S1umvLYgMS2hEKj7	272197.890000	272197.890000	0.000000
6rBX617VfVsWRUdozhWFL9cwwnKTKTR1QkRWrXSZLBiN	333598.780000	333598.780000	0.000000
6rLAPu7kretHJW9yDYqHmLvvxYhtFC2yrbHuoptMjboh	179548.040000	179548.040000	0.000000
6s81ZcNyDwMRr7eo6RXVgu4SMz73vRxVd69PUD5uCCaP	600000.000000	600000.000000	0.000000
6tobRxyw6ZFguSJbTyZqtdoWUCV1EfGT41dxspxkiUJQ	172607.980000	172607.980000	0.000000
6uaFbr7JhnNsGpXPytFZ62iUJjPaqPwb9ELiZhfDWEtR	216431.770000	216431.770000	0.000000
6us4pbT9BC5MV1jhTyseGzmaoqMm2GNndzmr37BfmU6n	312518.630000	312518.630000	0.000000
6vTyyghvbQW4JRLQERRbGJxiFdg7fbSH8zd1A33WRKW	0.000000	138782.790000	138782.790000
6vY4tZsqQGyqVSGFvKZHtC7d5dPqsLihqUKKWrboj1v1	260572.320000	371855.780000	111283.460000
6wQP6BEb8iAc4FoywmkEpshZYMeZQRSLPebjntqhEttJ	393160.730000	393160.730000	0.000000
6xF4m8seeVWyBPv35u7HmbNGENG8UfbP1YEeCRzAzTc8	135364.670000	135364.670000	0.000000
6xfPFKnwv48XvxpFf4athewqGFvSTKQcMmfzYapgZ2sG	0.000000	134214.730000	134214.730000
6xouAQDgdUWp2RVRBLs63bFb9xqcgiNTwk5gK56TssPT	125537.930000	149724.750000	24186.820000
6ySjXfH6abZ2vgWwP7ZzuZbr6tptHHYDrzRhd8BGmoDr	130980.550000	130980.550000	0.000000
718Hwwj3HaJtajSxj83K11FnDGQJ7a4xfU8xZ2rVLZV7	153309.230000	153309.230000	0.000000
71UCxrHPmrYx26oXe5M8iFf19qL3oVFvdbzv9kDzfEWR	599866.860000	599866.860000	0.000000
71kZP5wqgr1RiLJJYtQqySg3HFfyMy3Vrq8diPbThowy	696768.300000	0.000000	-696768.300000
72eEqpDuqrsdwbtSaNxNaMnGh4uGuHaQHdYrg6X4ARdr	600000.000000	600000.000000	0.000000
76ffUvwqnsxvJCcsi86Bq46NRLGgDwY4JRWXui139eem	253763.780000	0.000000	-253763.780000
77g257CUwUhXFu7MAXsZq7FFSB3Pkwn4USZ7CaNtgnh1	500499.870000	500499.870000	0.000000
789AYufgQkxTLwTxHJcPj4JLX9NAVQhZuVNajyXQ4z9Q	600000.000000	600000.000000	0.000000
78y7pfJ4eJ9N6aL8h7dvUcfYk3Gw8hDe9G93QQHmiSiz	300003.940000	0.000000	-300003.940000
7B4iPWvDtHxZeiPP4fUoAu7EMBuQxYnEhofgWo7Dp5H6	0.000000	150000.000000	150000.000000
7BPweGkM9FDZNGiRaabifyLKVNkH3WfpafbH78R8rMx5	558850.580000	540128.280000	-18722.300000
7Bbr9E9xMBXGUX199oTYdLYDJcFcN9UWqq7mRStJKV2G	323818.760000	323818.760000	0.000000
7C2vn3aTEM8bBcMjehCE8UcQQdGbH9KJXHJSCgFfqHTK	118691.850000	118691.850000	0.000000
7D2zs17Rin73bZGaQxGJxEL3Z9sPjQmQ1SotMp8jc2ZC	650000.000000	650000.000000	0.000000
7DJ5rA6xdFxKZhLRhtWjaLns2MmqCdGZ84yyKc7XJtFz	4520000.000000	3380000.000000	-1140000.000000
7DznGGDyUMWzfxVbXwrvGZsCFdpjeninBQkeRutqDbG7	604387.130000	604387.130000	0.000000
7ERw1fErkV8TQYdk1MQ21ihsxPLziz9BNo4fd4Ydaeym	175203.470000	164092.470000	-11111.000000
7EehjsPa9eao2FpBwqpJc4fvhLXukRE7FZSjaiztvdxx	136112.950000	136112.950000	0.000000
7Et36GyEoFTY38sEHCgutS8meBNGT4y9FokgDGAMht1H	600000.000000	600000.000000	0.000000
7FD57PCThbRqosKJPx6XYeqRQwZ2RxYL7HS9NbfiJLkL	1037509.520000	1012330.650000	-25178.870000
7Ghiu3E771ptWwoccpCBHHxAQcQrWabAU9rcutzKFSu2	263724.130000	263724.130000	0.000000
7LF6KhQXmVcEwhFdKbjyYL3XBip3xabtd3c3Pri48zDk	159467.730000	159467.730000	0.000000
7LmeVBx7ZtYaPBhAyt9k4vFBZF6wrVUZnoXt2z6adE1y	117449.550000	117449.550000	0.000000
7MJyrZBYxsjphYgds5vxdvKKBuGc6uwkskCuCRMX5QcH	902833.840000	1001225.740000	98391.900000
7Ng4YnfjEfiksRYPzoEEZyjiYFETeR7hVpbs7ByvXQy9	0.000000	202835.010000	202835.010000
7NteC7PyagJFngr8ydu9r53L2X5TvcS9BP6zt2Ur7bn8	1293957.780000	1293957.780000	0.000000
7Q3fi4JESUbT4E6jmwMn8zMbQibJX4wPhHiBTQB9bpTx	600000.000000	600000.000000	0.000000
7Q7Fr9Kyr3dA6zUNJ3puvu3K72HNDRkdmdfE1L4f3bhL	188886.090000	0.000000	-188886.090000
7QHr1rzyjRVQt42TNS8bUvRVSqmTbPbtSB72ooVU1Uxz	166726.000000	166726.000000	0.000000
7QxSk5sy8Ra6qNDzEs1w6Lq5HmFTJSHCyJ1PB9WzLEDB	0.000000	167205.570000	167205.570000
7S9t3GktMP5u7fUXKUzU1YEjyu7gCYkczD7HtbWXCcrK	400000.000000	0.000000	-400000.000000
7V4n3zCzi4WCAHcnu9rfovDLYouKUyPaZww4dXGsm3ke	600000.000000	600000.000000	0.000000
7VqaQjvMi46Hk9xLUuDkw7oRuJcrjhGKSX8HkqRF3RDL	544539.360000	544539.360000	0.000000
7WgBiVkEoSNkZSTaZ3G3fYakiPHYpRXJBgVJYKfoJJS4	400045.800000	410045.800000	10000.000000
7XggdFag34MR54C322A3gq4mJyx4fAQbkPnj55QEWaqm	190293.810000	190293.810000	0.000000
7YTVHyyEPFdgvJ9bcxgMHujfcykRuhpVDVNQeCifpHfE	1687758.460000	0.000000	-1687758.460000
7YsDGT479ioMd28HrD3AHcUSSoJxc5XwHc7GnSoENAg	306758.230000	446763.520000	140005.290000
7Z9Av4QVUiuBfpW3yrgVyVsUUQBmJDr3UufFrutUtW7L	0.000000	189973.180000	189973.180000
7aGBFt4v7pa9tZ71fikWgXMk5ydp5MqxPP5ZBHBci1Ta	498883.060000	498883.060000	0.000000
7aN6GxVMpwLrmikSHKptFwAj8PgAVfsN3EJvg6Tuyr6u	146803.520000	146803.520000	0.000000
7aRdnkH9ppTwqrHwwQyEZCApc5hinTXxEhh5fB9fXjaS	0.000000	148097.160000	148097.160000
7bxLx8bkuJ22ChdsSSNYJgDwcDW8cDMJZ6sZqbBzBvDy	116958.710000	116958.710000	0.000000
7dRhwSGnxRZvXW7KG7a4vDGG4M4fSesVjd9GqVFZaKpX	683505.970000	683505.970000	0.000000
7dgKczXKLVZSp5iks1WEvk2dhUhUkKaEM32zp7HyfjbH	168000.000000	168000.000000	0.000000
7eJrokf5voAUdmcrgztm4k9ebqYAKmaC9uC7Q1MFbEJo	227181.030000	227181.030000	0.000000
7fJv17LKq3TSmgTEWCZvHQxHcvAmPeWFK1Ypb6DiMrmN	157403.240000	157403.240000	0.000000
7haJ7Bs7BUhtsk8v22fZVVAEaoLyNMiBq6X2gXkvrpAx	221020.910000	221020.910000	0.000000
7hcxhPGUFZbGUh61QjFQeN2zSfDH7grBue6ejtHcqsn9	134938.670000	134938.670000	0.000000
7iLurxkXtSoMGahgtdvqUBdZkZt7MdfUqfweCeTa8a8W	300408.950000	300408.950000	0.000000
7iTLzwWp4cUq2CBXB2kPCxWw3qZ6NGQCP6QG7tZuCW8E	550608.580000	454661.200000	-95947.380000
7jEPMBaEq8uCSqbJjTdaSDc2yatQw7LC8cqtbDRna5yt	176352.840000	168681.430000	-7671.410000
7jnVHybwNGsAp1kR6qsbnSpyxb68mVmynwvGz4ChRCVQ	200069.000000	0.000000	-200069.000000
7js9sc2zk3MNzw9gQeBfk45XkbMCwWBaYzp6R6CYdG9s	1524098.740000	1114730.100000	-409368.640000
7o7objq2h4sAaJNwjnZyEmHUiaMwZPf2AuApnoLrRdXK	0.000000	502207.000000	502207.000000
7q9ipPRVtgLB5xgJm9HjprXzAqBMDtgqDFXHcyGNb42B	121792.040000	159180.210000	37388.170000
7sxgMBu67jZdPJMav2XpByZnzHcc5EZhNUVKBYq6LAAm	487062.680000	487062.680000	0.000000
7t69Rdb979U22b6qhyUUr3JQVi6a36oYnZj5kitjkdGr	731008.310000	731008.310000	0.000000
7tGryCspLdYSJRYw36U2xqAWQwuUWYQRXAJ6By669rXC	600000.000000	600000.000000	0.000000
7tcBpoTf7cfUDBaWCV1Pe5BFYP1rFRjgqyKL2fiTXLvP	1704800.000000	1704800.000000	0.000000
7tgsHr7VEnSNPYmkt56z119n23rDMt1GTd72X8oUiUfB	0.000000	273921.770000	273921.770000
7uZXbjQ4W7S1HpkyjB38bqEkLKk1Ckd67dbC73XFB9L4	600000.000000	600000.000000	0.000000
7vhwAzEdDALhfXJvxvFE1fbiMnU1WXXut4kLkoWVjHUj	130709.660000	122084.450000	-8625.210000
7w7s48tLAtJs2E7dh2vWF6PMnb7gu3Xapyn2YsFuKjcD	0.000000	147408.440000	147408.440000
7z8nMvu6zv3zJkeFN14B9pGcrUFUm8zjpKXEkUpt67LF	1405500.360000	1405500.360000	0.000000
7zPBNy7mrR3Lsd2X2xpS128v57S5B3Ns1bKQVfuE7V12	124496.510000	131611.180000	7114.670000
7zhcybqqFUqWJMRKVWRMpEaj3Dm4yPaMdKE2yrsPKwr1	690606.400000	690606.400000	0.000000
82tcCKuJkTCqoFHLugLtUFvxoUagezxsRais72tE1ERg	600000.000000	600000.000000	0.000000
84xsF9WRJFvx1WKk6qejFX1ZggonUyMU7LSRuUdazHYJ	209459.190000	0.000000	-209459.190000
85UnTudBshS628ncaP8p2H9irppGky3EgxCxRZiQ2jWQ	196525.400000	0.000000	-196525.400000
865Z17dqDsywANk12uwhpn5xfoyRwNcHvoCuJavr9ayK	163361.940000	211294.600000	47932.660000
86z3mHXVZPteYHDMjCfn86fWx2X3JWKBAfovnAAFf6wW	0.000000	163523.300000	163523.300000
87GYwP8JKyvHBjSeKC6vDPxHpCXnbeLYyXBE1gsis5UA	215472.790000	215472.790000	0.000000
89Q7GVHtxvxtvNrcEGgmtLkrzyXzUkKg6q1ojcQTGTsP	178086.050000	129324.810000	-48761.240000
89zsvvwUevFRUjJxNH9JzsStV81fQamsrKWZ382eNDvv	324204.730000	504131.230000	179926.500000
8BVu4hog7rgDCTFKnC77e1oKeYL2nuMwC7HPraqzqQpy	127331.200000	122859.650000	-4471.550000
8C5CaXwNGt7nfXwvuTaXUcfM1GtCt4W9Xr2zTzUDr2n4	0.000000	150000.000000	150000.000000
8CPr2922p2SML3eMqqRqipDJ84i9QXyUCxbUGpZQPtJk	210000.020000	0.000000	-210000.020000
8Cfkx2hqQdzEJippNWuQdJLQa8tddxFuBJ12XnMpV6dS	600000.000000	600000.000000	0.000000
8DUzcyF4q3JWgwEvXkBJMUz5N8guTfQvBwMUKUBPXQWQ	153354.990000	153354.990000	0.000000
8DWwDj6wnj98e182g8Yu2683sVcakJo1esJo9nVf6xqw	134650.770000	134650.770000	0.000000
8Dn4b4RCy8s6L3fKEJrLm8pZDJraeJsRxiDJThp9BczR	594640.170000	594640.170000	0.000000
8E2NidHwB4J7h8sGDZc3k7nEpu4iaeuzFJ3pUqh65wXj	235132.650000	235132.650000	0.000000
8EJvkW5bywN9TE6ZmEQ3mjpB5EdU4p5LaKMcDUQDsQu5	635827.320000	635827.320000	0.000000
8ENM7Xd1nBf5LweCo1JdJMcJM77ydy5LRdb5mTqGGJGB	0.000000	200000.000000	200000.000000
8JLudSXjbo9ie33MfXsGxxZYb6JWyqz2ePyAREr6YcVL	0.000000	350100.000000	350100.000000
8LX21kZQhLwWnzumegfZs8yuRNFJTBz69QR79fKKDCxN	1295163.650000	1295163.650000	0.000000
8RhmfZ7Pn32CHtZcczP7PXpsPYjpwfHfhbXxjPM5HBxh	923965.220000	923965.220000	0.000000
8RkZ758QXinvSveFmfWdvf9yRHQ95XDagxHnpAoWjoHv	401223.090000	401223.090000	0.000000
8SZ9STyPZ3DKtCYAnwVKUkFE5iB5UenDKDhrmyXsk1Le	216790.400000	216790.400000	0.000000
8Sa6ADAAKifwXvAVPcXnBwZnK83JRRinvZLVBd8EKR3n	545035.050000	545035.050000	0.000000
8VaydoqEDVktjjvdutm29cjJSPFWoRk2UMKEjH53NpTC	185171.740000	185171.740000	0.000000
8Ve48mWiq4jmj9cCYJLftNzemr57k5VGmZjfbDFUYjpv	204102.000000	204102.000000	0.000000
8WsXSo5c4YZ5oCVQidLun4zuDwD5ZcfY55vCqwMaCnGv	0.000000	220116.490000	220116.490000
8YxyR87LywF2HWTsjZNJ5fecqMpAgw5shVqzAyeC8rC1	118024.480000	118024.480000	0.000000
8ZQsJwhEZV63CmQeV2gh6jcYho9yj31MG3f1CoB8PGCg	152318.130000	152318.130000	0.000000
8ZjtDHyEs1qd7snmaZizgDR8r3gMttm6Zo3mDnaLdxEL	126281.290000	126281.290000	0.000000
8bGoANGSi9PiyfgXWwBeAxburiKmfFtk6WFmn1xxum1M	293527.340000	293527.340000	0.000000
8bnfq4WcZwopwSi9xfoVHq5WTkbqwEL9Xh7F5oKoJs61	224320.780000	251030.700000	26709.920000
8bw1WmGDSgF2jiUevc1q5fu1LZp9BjAEdwNZapsStghm	549838.530000	549838.530000	0.000000
8cU2Tf5NzAExEY9YJp5fVMHHy92oFiwtCireq5BqWyeD	1704561.460000	1704561.460000	0.000000
8d47pZPDWGE8rZbpEjjcBfemHkDJbHpq3XieXEJSNuJA	500000.000000	500000.000000	0.000000
8e29VeRaNdSxGTzZjp4UqzY4hUaBwsawydyZzskyfzSQ	500000.000000	500000.000000	0.000000
8eZCDkQkZioBtdGbS8rfg3seVf3eEE9FuDsPyJFLnQQM	337914.170000	399337.120000	61422.950000
8f36FBTmegdH2vWvzEt9cq9S5K6aoJNuNVPkYGbBEEeR	173597.990000	0.000000	-173597.990000
8gWDkTiSZwDSQsKeH3WCi1sBXuwji49YFQKcxk3SSn3X	217697.110000	0.000000	-217697.110000
8kGgSKwiSQW4ybJTe685vfRGYiJqgbSv8wfNsSaLHyAM	216716.700000	219850.550000	3133.850000
8nNxQ7D4RfNAhxT2NNx9r8XvsaCjrwGRqPgs5HyiL1aj	400000.140000	400000.140000	0.000000
8nYB7RDFYorimjBoat9omq7D28nUjnnvedLLoJ8C6ACV	368537.640000	368537.640000	0.000000
8o9gtVYjsUC73JB7j6Nkn7T2aYEiRZtZH4WBP9ft5KF3	139906.360000	158534.080000	18627.720000
8oE9tLCksjxLBkpSsprFxQAufFTgGSo6kQe1cjWPmB9G	280675.900000	280675.900000	0.000000
8oWFR1kpcWEVGFYJcro6GS5yWT1WwgLV21Zg6KMuaPXN	312572.540000	379739.880000	67167.340000
8qvFb3Ksh76UoyedMkQGovbDu6QDSGvLoaW9yuBxnCVk	2090461.560000	964053.670000	-1126407.890000
8rDJwwLyAgbPD4oS8RkgVpGgFry78e2Di3utKYzkdDXe	261268.870000	211268.870000	-50000.000000
8rqcgNfRrZCPw3A78Nawyi5sEbRt3mMU1zarVBppzFaL	0.000000	131567.930000	131567.930000
8s9j5qUtuE9PGA5s7QeAXEh5oc2UGr71pmJXgyiZMHkt	1114692.600000	1151934.120000	37241.520000
8sXqS8Td6YmDLY58MEr5MWMMiExG2wNabyHzWruT43qt	125230.230000	125230.230000	0.000000
8shEY9L6rhEbT9eC3KjJeQ9QN3h8QfH2ojwzE8PvcqYZ	600000.000000	600000.000000	0.000000
8ssjbLETDW5HBcD4nRbkckm4a5qAu37UscARN8PV3yRU	0.000000	132161.800000	132161.800000
8u6NxaL2XCMBhdPcarWjDxu2wvTpoRWfwjLem6Cz1Qg3	455668.770000	455668.770000	0.000000
8wtmuxsFL2y8a29ak8i5kJr5Tya6hgvhtmfa9rXS1bMz	410830.130000	586348.610000	175518.480000
8xA1uM2gFokcHuc81BMFtq2WvRQtQtK7Ca1a2SgqoohW	195606.920000	195606.920000	0.000000
8yEVCQu1n6Ln1RBVDHSUG4BaNGdxMMJsDJkSyMcFFrGn	404404.580000	0.000000	-404404.580000
8yb5bxbTLL79g6oyN38hweT7HBZ2yuWXhb6webbTQWq3	242500.000000	245000.000000	2500.000000
8zA54BUeURBhBro4ySEJQJwRQoGAfvbiteoAiMuiN6rh	3031476.840000	3031476.840000	0.000000
92374UBKB67cVCRF15yFbwdybsj1ZK48NJNXiHte1Jja	344454.720000	0.000000	-344454.720000
924v6FnHB66w5QSpW1mN4hpKWyVA8ECud62SVHKoZPg3	140233.820000	140233.820000	0.000000
95WTvvj5keMAm1ujkbz4rmQcRXZXcaJtF9xyiXYtwxph	0.000000	202317.580000	202317.580000
95c9k2RwQgFu7HLnJZQbJep3ZGtL8bLcPmWKnQkmCeat	122085.030000	122085.030000	0.000000
99HfaoaJWvQQPZGAJzJxuRrUNgm2cd37Uzc1pSYDQue1	212921.900000	212921.900000	0.000000
9BAaLuDKgjdGL5FZUmNX3rpeiiSq41sWhBZwzCrLFcDV	0.000000	164404.390000	164404.390000
9BGYqxrEwz3sz7wdkPFRVGCe1hyu2uE2d6jiPpjyP2P	176213.500000	176213.500000	0.000000
9CCwieQtXTPCFshorim9n7kLEM3akkkhn2GUdroV7Vtz	126901.220000	126901.220000	0.000000
9Cjd7aMpURD495yrPDKsGt17e5E5DDjJZYj33F7UW8nD	240000.000000	240000.000000	0.000000
9DY2FhaTNypRXBMwtYbpfWU5VJu2LnUmbzDLke3XSSdn	200000.550000	211172.330000	11171.780000
9FuC7cGMFvQ7wfuhWEfvY2L8jGmNsgBAUrcWCnGs5Sb6	260000.870000	425163.220000	165162.350000
9GBvi88q79vN1uMHF9LSUqASRbqC4cfQQBYk8fqLRBL4	285259.640000	285259.640000	0.000000
9HBcYYE2nZ6r2aWksZrnemNSut4KxfUKTdWmi6FfRSKK	167000.000000	200111.300000	33111.300000
9JsscBWLSZ5q5HEMPnz2CQxbKB5edhCtKpntXCXyUixP	1000000.000000	1000000.000000	0.000000
9Lg5wzLLAvJF2yXb9XSVHJqAL1rMNTeKGaPh7Gm8bQXo	409630.940000	409630.940000	0.000000
9Mu5pdTsZNpr3zAVJVWUqumnsSSrQUbBbxUb1vhL5CFa	256054.210000	256054.210000	0.000000
9MzGVamWTAr1yUxSMTGEbiusM7XLWeEFE7Yp372QJk2r	402060.380000	402060.380000	0.000000
9NB3s3hSWkLM56awiohBtycvXaEBCscmzeUf8Ep1sXAv	2400000.000000	2400000.000000	0.000000
9QScSF5TssogYNUiNJJApXyd8WVbjKwiUXGKuNHv2cuY	1377270.020000	1377270.020000	0.000000
9QeLZqyYcFQx6bkNbUnHhGN5sxkQBiszWsux6EZkQ3TE	0.000000	440310.450000	440310.450000
9RL5XYrgSHhjxZGhQ8jck3Ay5DpzxT6kDb23qcvBeTsU	168120.330000	168120.330000	0.000000
9RR6Pc1oqPdbR1ia35tJaMq7PGVpM7NWiz3wh96uQGEu	0.000000	121237.620000	121237.620000
9SAvzqibwf771vGm6SGzyvKKyFeb44RJybRTNPdWp9Uh	164235.060000	0.000000	-164235.060000
9SMd14gHC9JSBnDeVBZrwN691MbfwAWpiMXLf9zB3PZh	138331.270000	138331.270000	0.000000
9TD9XQmY2P6BCiKYF6D1H5WggDNVWLWDwrD9SUdxA855	7750656.840000	7750656.840000	0.000000
9TLfPNfu3NX6VpHJZLRDfgfbRhaXmzxfePSn89thqSjt	277185.280000	277185.280000	0.000000
9Us5e61VLadxs7utqFX4QXQV1kRPgKgBv4YY9z9pxqWg	0.000000	507707.260000	507707.260000
9UufXW8u7oF993xss9BnXvUbCtE1VYn2PbZHscpbkpgd	148428.750000	148428.750000	0.000000
9VwCtAEVmKb7kMTa4J6sFWAyCrYp8zUMZU2by9Um7VpG	358277.790000	358277.790000	0.000000
9W7QXyADYiHwN9QnrcAoUMfBi2Ena1EZzuVm7zqaAYaR	354263.590000	354263.590000	0.000000
9YW4MQDGg8V5969v5TEujJeedDYh6r39pwxQcjoGN9Lb	306959.240000	306959.240000	0.000000
9ZN9b6RdHi8iuxb8KfgpGkZSazSFgYxBMt8v1LeCi27S	131221.180000	131221.180000	0.000000
9ZPsRWGkukYeWg2Z7eZ8NaTBZ1DSuBUVzLcGQWZgE4Y4	719623.840000	969252.070000	249628.230000
9bYH9P6y8DCq96S3C8eCzVCkEryGxd7pPwGxVqSwQkJ8	700699.810000	0.000000	-700699.810000
9biEAtsrkYsUkQTBESLswqUmEL6dPPcnemcMMYuindW2	180543.220000	180543.220000	0.000000
9cfF9kFeaWSB73SpR4cNGLMcEZPd2kSiikACL6NKBVQh	365119.370000	0.000000	-365119.370000
9dLJKBHxPiNGWE7yM8DgMy3wMJUg6wpV95NUcsjB5tPk	154389.150000	237040.700000	82651.550000
9dp3qNEkuYSR2C4GUvgfmBwbfmP2wfv4kM233DNz3HYf	1065876.550000	1065876.550000	0.000000
9eonDyBDZ9ZjegRk3cyDGXkMAe3Cyj1iaLr9BDeovN4c	1100000.010000	1104735.460000	4735.450000
9f6zhvX9ADraWA3oEf7iQrq42jWafcm1shgX9JN2pwPC	160000.000000	160000.000000	0.000000
9fHDL3RaE8xQz3mimq993WnFC38NXuYEgETvAXRJuwUo	310947.980000	310947.980000	0.000000
9g9FLhwMMCpfu6MJFu1pWMshPCc1ixLnN1wEKtugADTQ	0.000000	735613.940000	735613.940000
9ghGff7PBn4FB6FeQ28CH4j9WWR4s4hM6sjwyaqMeKJb	2249999.000000	2249999.000000	0.000000
9hceEqXYd9m5WX7nwd6xAXM1jtZ4aoJtNt4T7RFZeU6J	180747.240000	180747.240000	0.000000
9i9fQmp6o23Mjix3C9dWRXMrXmEq2vMsosFKVj2LpmAf	0.000000	133008.010000	133008.010000
9jnThdVk2VP7PKcwVWvMdfKGgp1MyoWn3jUNmrNU6dSR	122656.640000	0.000000	-122656.640000
9kC4JREC9Ac7LvBrHp4xCPjUH94swC7uS4HtmSEj6pco	319595.520000	319595.520000	0.000000
9kHYVZrZyCJLaPyVAppDioNDZqRGmJPtVWsZLLFnbQnd	173829.530000	173829.530000	0.000000
9kzjRn6djPRK813eLWqrPTKaGYt88pRzahgcnTe2ku7y	224679.900000	224679.900000	0.000000
9mVamdn4QaHNdGzRCYpKRmsWnzKGQ6EjYBsZMNrCwABj	403783.390000	0.000000	-403783.390000
9nRszxMhdPN7s3Ei21X5tAzSQ96bzy9RJcG6QTSyLaEd	300944.220000	0.000000	-300944.220000
9nwEPqSzVrBkq3LVz7bjyawWZCNjyZht6L1T2rgGePyz	320855.770000	320855.770000	0.000000
9owMZJcXiaNGZ6PGguYvTT3yDHJ4y77zvJxrjLSaSJyu	3639893.170000	3639893.170000	0.000000
9s21dnXnzjEWpecR6JgDhYVJ3TQBrrhS66srxzXKNe2i	285956.890000	285956.890000	0.000000
9tDRCUWonTR5sGNDfFN9AQMG4PqUmNyqk5D6k1ZqdeyF	132485.630000	132485.630000	0.000000
9tfYv7x9FQw29pF5PRSZyezX3mdkLTTsCCMn7q6PgKPc	185463.350000	0.000000	-185463.350000
9uuq6Uch7nGQxQhHmTfrmXcSLP5nJFxFsRChL36pNG39	900000.000000	0.000000	-900000.000000
9vb35AsSibzd3thfg8pEVxhCEpmZFiKVQxw4zq59zsUD	146735.570000	179294.470000	32558.900000
9vypsB1JTYWTAC4oRjiLqD5fp665RAJ9zGSbgqRcbCCz	266899.880000	325686.860000	58786.980000
9xtFFckBHYY4MLnBCcw8uH8RNG6wMydHUudTWo83TkBB	222845.910000	222845.910000	0.000000
9za8JNUQUiqwHB6vwVSXKCrw6Yyb8CV5fNteVGyq2SVc	131778.050000	172907.280000	41129.230000
A1iLKu4jTFKQBQcPiZZuUuyKuSYCNPN2svq5131HqdXY	195616.810000	199250.110000	3633.300000
A26KgVCx9LJMzwmz2iX119motqqkdMoip3tq1NVbDXwK	118501.480000	133898.620000	15397.140000
A37q64ikFRCc5EcwLKt9V2EEaFMatRF5Bh2XmUnydAvm	300000.000000	300000.000000	0.000000
A37yWp8B7n87GspYuVhqi6CAWZm6JDHbmPDURAbweLac	0.000000	130121.560000	130121.560000
A3gPZxxiaCaxgLeE7Hq24y7e2CshNXnYDp6JHbGeXjjS	0.000000	117177.950000	117177.950000
A3wBSEszfKLZVZyhDSy1XFpe4XcNs5BUEZ7v4q83KNwn	793859.380000	814083.520000	20224.140000
A4CEnK6BFmZKh51SUyG2QqPpnGyUsqQsbHVBKf6PW1zh	132036.120000	205055.140000	73019.020000
A4DRWi4xNb3Qxbsw3Myrwa1RqCoxjiPgAi4UGiacy9at	168203.220000	168203.220000	0.000000
A581qFxXUEsMTVm5bkTrCBkWrqqHoy5mvicXDwEVrHDs	0.000000	173850.350000	173850.350000
A6K9GxbVRjM5rA3SLns4N9G4PMDVmZpZ8fSEuZiWCzKf	212591.990000	212591.990000	0.000000
A6kAkMPaokES28RYSbV2QLsH4phxdhr8so9cqsM7UzZr	257905.500000	147127.100000	-110778.400000
A77HErqtfN1hLLpvZ9pCtu66FEtM8BveoaKbbMoZ4RiR	4557644.190000	5666402.180000	1108757.990000
A7cvL9wJNXjW9VdNxegQ2e24yLYbbTqT8fC3PAsDaJJi	270000.000000	270000.000000	0.000000
A7feW9BA2bqKbjs5nhgLtcf4iqvFh1MRBQbv6ohLgU9a	7010000.400000	7010000.400000	0.000000
A7hKy5YeNDX3CsYriMqjkrx6HwR45FYAF6WLXwdngVze	0.000000	420000.000000	420000.000000
A7uHpPn812YMkxVU7eEcHq2bmHTLRxGd7DTY994uay7z	937668.720000	937668.720000	0.000000
A9fzTZ3x52AWMo1E5ckEr5emPxrAiFfUNYxyQod3ifg8	150083.480000	150083.480000	0.000000
AA5V4roon47DWe9X5WVkamMmVQN5jzexLbdsdytJzD9Y	0.000000	749943.390000	749943.390000
AF3BEfnADCAJan5cUpkKffsPjWyJjFv3WkrTbFskrdqH	250440.750000	150440.750000	-100000.000000
AFVFukYMX82vwtVw1cW5h75bLr83bERh5dGvigGo4jQA	1160000.000000	1160000.000000	0.000000
AGSMuyxiUDiMyc351u37kvwh98CAPXMjNiynnHb3CuzL	862000.000000	862000.000000	0.000000
AGtej7vqCfwtrA6xYdr7HdosV4NcArWqKtev2JtagcyV	173000.000000	173000.000000	0.000000
AH9ooHg5QUtjRCoDLcVscdxxX15ePhmPYZ5kWAzDxMmx	116524.780000	0.000000	-116524.780000
AHd9QMRscpixMpoQsksoCHwzpTkna7st79DuRio5R1PD	627374.510000	627374.510000	0.000000
AKkTmRESkN58r76EtGRxSYMNUmwAFCYyBYA1UbBSEwqe	294294.800000	0.000000	-294294.800000
AMRhYaT1gmcQuhmSDrAoVLJtVrK1mPKyfsa2kVtcGatX	1056723.540000	1056723.540000	0.000000
AMwpaG1HRaQ1kc3r7v7JG9ozSB3vm3xV8wV7uENi4dm1	350123.320000	350123.320000	0.000000
ANVVa5gRPUxPpVKGmj3Adj1XEuztRXNz3V3WdKvimVWd	331556.000000	331556.000000	0.000000
AQYTFrTdVSPGaY4MFUPMYVSXP2Cs9pFyxsQVJYsziC9m	200727.290000	200727.290000	0.000000
ARfYfTVWKSU4twaRcTedQPK3MZ4QLL7uuiPKvX2MjRyg	250908.590000	301085.760000	50177.170000
ASTyfSima4LLAdDgoFGkgqoKowG1LZFDr9fAQrg7iaJZ	8338279.290000	2737478.600000	-5600800.690000
AVPcdhHk4m7ujjQJEeb8XgWR7KP7B2iVsQfw1v6bGBVi	123979.580000	123979.580000	0.000000
Abhw6WkxWD75ScBM2trNwvt9TgtkWXuH9VU4afYGdMv7	129571.230000	0.000000	-129571.230000
AdCNBc2qfXi1AXeULEZTKQqayPxBqntSmXx3ETvGCyJJ	116525.030000	116605.300000	80.270000
AdLGugUTQ8QBrtHSutrRyLdvuFadaX8k9K9RakS3XcxR	213304.420000	0.000000	-213304.420000
Ae91xiGE5S2kWQ77jUtvZwopCpUpsDBxRNri8QAuExpo	126150.520000	126150.520000	0.000000
AePkrTS9VwanH7mXUsLrWc5PY8mKBPtE5DRmy6mQs8y	0.000000	288180.230000	288180.230000
Aefy7fF8R2hprBuL9MzdoNr61JSqkkcHBJKBTJgpq5hq	974185.000000	974185.000000	0.000000
AfG1SPqVJGQ6zTGvi3S7cRr7BgffrBMsyrrV6kSRV4uH	300000.000000	350000.000000	50000.000000
Ain7mxvtvFQSNgiriJ8DEB3yC2QkbVWL95giWxwTyKE2	163923.540000	163923.540000	0.000000
Aiq8PJxDNYVGAdwKtopXLPJKiXADKPXvkvMbSPx96KvT	304541.140000	304541.140000	0.000000
AkCbphSjwwmLeXaWpyAqcJrYQ3jur15qNHYX92zSthtG	289872.670000	289872.670000	0.000000
AkZTVsrZhAVsHRZsRF9E89VqiwDY5Y3WFm9rB3NxdEwd	151000.000000	0.000000	-151000.000000
Akjewo4wZopMSQ3fKkGkvLiGpfkcunrWk4nDb9MabpXz	447576.130000	447576.130000	0.000000
AmD2TqDnf9veT87EF4YPj52L1zewaESW3CE2NuCG4JKT	197800.970000	197800.970000	0.000000
AmwqKD5ipGutcKVt1Z8ErYteopkRC48MTDrSByceF2mS	231010.000000	231010.000000	0.000000
AnK3qCoWPmY5uGPBMDmKUhwSWf2sFhyicGNcaxZ5Qx6j	231758.090000	0.000000	-231758.090000
AnTXgzf8LkTNc8wjtUtLDu69TaDHBoUGvDkGcsdnQ5Tr	772732.290000	1000924.290000	228192.000000
Ao2VcFNhrmQa3XjjhVXVrLSYEwfYry8SSXHxmsoYcpek	119825.780000	119825.780000	0.000000
ApAAhMLAM8Vv5YT8NxnYSe2badPGgKy1ftCtgUZymSf4	548915.930000	0.000000	-548915.930000
ApKoa7UKusKaFKeLZeo7sZWJhLprFfi4kG7panSWY2gV	2537139.790000	2537139.790000	0.000000
Ar8gEcEGhBrbDgybaKSivNKXh1do6c114d7yViHFdXqD	224084.970000	224084.970000	0.000000
As5AKPgLYyQ6zHZDayhujiPUBDiJSUoShbvidx2Rswum	389406.380000	389406.380000	0.000000
As7x4UmPT4bJdUGYgFkXsseLdmfiewLVdnhx4WAfxiS2	194999.200000	0.000000	-194999.200000
AswoNwKN1xGD92v1VJvdUdZW8gQs6juRghaeeUPN4aHD	242125.820000	242125.820000	0.000000
AtWsy2gn1ZKCZGHL6p2ynjjYAyLcpnEeQvaCRvoZ4i3L	300000.000000	300000.000000	0.000000
AtrKqsA2RWAoLnVGMsnPtd7cqJ44JWigFac7KqVztsTn	215860.740000	198960.740000	-16900.000000
AuCDc8DJLZgfqHvp3yjtevtttvt94WiwMDu6Dmeb7QZj	700000.000000	0.000000	-700000.000000
Auo9yWmMz662Af5C4xFYnqtt2X7NrChGWQeUVN3u3vuW	368001.070000	370096.030000	2094.960000
AwuA73F9BBGYtBpKkYHkVTtij1ZMDxfKdKH1R331HMuu	466874.010000	0.000000	-466874.010000
AwyCV8fewrc2e6opxRS6W3ancJfzg3MohvYhGEuY992r	157000.900000	158219.120000	1218.220000
AxKMR6Tbm23uMgne1z4CowHkkzHzexAQ5x4smbZGDkeV	236974.990000	0.000000	-236974.990000
AxyrCm5yPAvdNbGRnrBJU3QPuaN3K41CsmFQvEDqwKeA	1000000.000000	1500000.000000	500000.000000
AyQeykkc2pwFqscgtjsEQuwn5sNfALgU1eh9a4w6g7dC	171947.710000	171947.710000	0.000000
AyVsCiLdvbjDQtSwJWPCehUgjVzigPDGvUmog52bPHwZ	3724363.980000	3724363.980000	0.000000
Aypgsf4U8yCCmjGWAbaLcegvQ6QZu5n7NNVNgJYUjHrt	180818.620000	180818.620000	0.000000
AzCqZQpr5H9vvoe4cxsLvKGbVwE8rwUbLeLceNKeX2Mz	999665.160000	999665.160000	0.000000
B113M3455UNP2GPuB71Ld7rp1xqipviJqrhbPuWLDhP5	250000.530000	250000.530000	0.000000
B1ospCBAxRcZgQfzHmLEtmdkxKD5c16UAQ4JGwmExcpo	600000.000000	600000.000000	0.000000
B1ytKFR9GrcD7XNCW3HBDEquV1Q63xr1itqxwnhrydvc	371437.800000	371437.800000	0.000000
B2Ktp33FLPvYtE3B73q7SVV6LsUgjo2nSqUjEu99szTf	150817.590000	233152.520000	82334.930000
B2dFVNJ4HBXmzeJphNjdGAyoRk243oU5989K6SC6VTK1	854499.280000	883359.510000	28860.230000
B2gY5GcUpn2ZzR5yyzueewcZZATKXe7siMSyWcZQiYfA	150000.390000	0.000000	-150000.390000
B2nrzWt4DgwFMW8DEQ6jHsjZKyufQiJJCdsm5zqpavid	200000.000000	250000.000000	50000.000000
B2v9cx6k7vemPzDeJN8XPV83dkCL7SXbPbkHJWLw3Yvu	250449.500000	250449.500000	0.000000
B3f4w16dvgYGREvT65FTJPsbraCiqS96R1abzzfNeNrQ	474147.150000	474147.150000	0.000000
B4bRwd1XjLq2ctZgiwFcBUmcpnLRfMFqQigHoztYr4AW	234474.110000	234474.110000	0.000000
B6CXWp9mRdRnB6CxR2N4VShUDHhRoAGGyS1b6MGeUThT	499145.920000	0.000000	-499145.920000
B6r7d7uEysiJDdziSvyHUueaNRmhBtUoiZCFC3xbm7Wz	220447.230000	0.000000	-220447.230000
B7p9bzbVUPLhkG64Buz5sNu2PZ2w89HxcWkSZ2ErWiuL	550000.310000	550000.310000	0.000000
B9QLkhXFdL4SiGuA9JMXNhohjqyLuTtPe4rSzU2zAaVA	154112.550000	0.000000	-154112.550000
B9WiKLjEnsndrpnEcgt9Q84yTBcfxUtwkJWRyYNHgBG8	337051.550000	337051.550000	0.000000
B9y97FxZYyr2ZTHEDGE5kc29e4Dcn18UY26xKadKuPhS	160033.170000	0.000000	-160033.170000
BA3xDthu5inbSAKDA1WxVqyQTZDrszcXCbtn9fHKGDVF	286836.120000	286836.120000	0.000000
BAWYGhzZY2pWwxufgzfykKssACmof78obUH3uDACFhwr	283475.880000	284443.010000	967.130000
BAYiEMPrkXRcU6AJPoAXqvyADV3fGob6qAJy8yteGehx	0.000000	132330.920000	132330.920000
BAk1hKwhFLZbhAbnbpGut1YMmRPj9QtMmQrvQNDTFHc2	122360.830000	122360.830000	0.000000
BEUNH7uPUsfuQ4S8VxTzbLmGdD3Qq69BX87UXr9vtwRS	7037798.310000	7837770.950000	799972.640000
BEYeEHG5xc4XisR4BwoJ6WPhkXN8Z9QxzyHDWWTWpGPK	245157.070000	245157.070000	0.000000
BGi79PPMNEAnA4ES3EEd89dg9VDDYRoM6UQZ5N4VesKP	316661.210000	316661.210000	0.000000
BHA3ANQR2SskSTXLQSx3GGUPZKWWBC5GYKLH4SvHTXwu	197704.690000	197704.690000	0.000000
BHWXwF7hX2YcPvL3ubmWaXWY9CqMp3j25JKYKhMA67j	1371180.050000	1371180.050000	0.000000
BJ48sU5EDWKxiVwNNhskNKATUn7nguRsABrhvkX8Eo6m	520930.960000	456408.460000	-64522.500000
BJ8QQ4kGAy5nK23M1HJiJsXAeAyUW9qKgggbMSdWjXni	124173.750000	124173.750000	0.000000
BK8NuxMWkAWXGCyx4ypf9QxxYjcd62fbDxi5tt15xikM	365703.880000	365703.880000	0.000000
BLFNbKsrtNAR6QgMrRESADH4rRkhVipR5svMqTLZKydc	319338.190000	319338.190000	0.000000
BLjxPTBhwnyXRv2zbgXKLS6EHz2s5jcnkAvwXUHbBEiy	213572.490000	213572.490000	0.000000
BRcSwTHS77TZmHkB8jnvnvGdWCie1Q6Dphu2DUANg4hU	161248.550000	161248.550000	0.000000
BRtj5sqPWKoySvPxBBeLFMByv244vf7cZm6rYquLwSbW	613631.030000	739117.280000	125486.250000
BSeEFvpP7h57XNk5LY3tyeRKGJPSoiQNNoPnuC9zKy7	340411.130000	340411.130000	0.000000
BT6k4M9JEhfFHeTUgxLD6Q3SLYvQZwmg5QYHcSLjszpA	310112.310000	310112.310000	0.000000
BTTiJ2Lux65bLcuHTDBixY3Y9sJjRCjbxHLV8LSuhwQF	159724.980000	159724.980000	0.000000
BVUXrXGBzMn7EvZ7KHHQ7fGUBvvoViEbTUSJfEo4BuVp	568695.500000	568695.500000	0.000000
BWpTCBPfgsfYLJeM3pXhS3Z1Mm8Rfa19E5pm6LQiCXMs	600000.000000	600000.000000	0.000000
BXT3qVbJw8UVxXpWpPK1RV7kt2UfcoMw7oboUGJy77Ey	150717.610000	150717.610000	0.000000
BXYn1rp1nyd81hUdiG41fer34QWjwHLAdCTWdzsf9aCB	755965.570000	801963.690000	45998.120000
BY4StcU9Y2BpgH8quZzorg31EGE4L1rjomN8FNsCBEcx	171488.660000	364233.550000	192744.890000
BYJAXRFwvJEJrARjsHxaQKSb8XzTzEi9vxmBQPCLHum1	1500000.000000	1500000.000000	0.000000
BZCkc6JbUNtWVpQVqnEnPK4XZcfnfCzfXKrwEZ6TH1BK	600000.000000	600000.000000	0.000000
Bd1qc5Ko2yefjoLpGarfvQP5N1yoWhrcFHsgMUK6sZQQ	654548.530000	654548.530000	0.000000
Bd5bPBWkBA1AZwmWEoGpRmNJ7MB13CiHY1qhPs5ppgwq	930216.610000	930216.610000	0.000000
BdHTbfZpar7yK8jS62cyQbJ8TvhVdc2nbhgcNkHnx3pT	964529.240000	964529.240000	0.000000
BdZXaCHs22QaJcoeexHouqDrujk1vNBaV27dYy7RNiMd	0.000000	150000.000000	150000.000000
BdzZSjfFBCiEiYRAdyUKnMKwXN1VYM6Cjihiw9gfbFbQ	173015.970000	173015.970000	0.000000
BeDU5ta98pkDAvBECeUU6fTD27km5WZKhgwyHTLp5F9K	600000.000000	600000.000000	0.000000
BffpuQKevNj289KzYJsJr5e22TrZWkbTxmX9tq8BWpPZ	408037.350000	487547.820000	79510.470000
BgMRFKuYV7gZaXz2AZFJvf1FMDoKjfvrzhionp5XnRS7	219110.200000	219110.200000	0.000000
BgZpCsHdfbtJE7f7YA2Rkfc53QiiyhxB2hFb8YHuEQee	288856.140000	288856.140000	0.000000
BhCgpLyk76x7TQiKAsjdSAtcyJZPZwpbP5oWj9R9fbvu	1500000.000000	1500000.000000	0.000000
BhEYTpAdH6KsP4TnCinrt421ogRwGoRUuCm6EpuYmFAV	2004651.620000	2004651.620000	0.000000
BhypKpwsmYqQ46GgJqTLP1E817poD3caamJhCdrr9K59	307040.880000	0.000000	-307040.880000
BiDHAYvAek3RrZfCMhH8Wuu71tccfYFzUc37W8Vvw9BT	502649.220000	502649.220000	0.000000
BiPEMy7RNUxkL594oSm5LREE2xHjf6qL1rFgLAEAQ3Pc	0.000000	150000.000000	150000.000000
Bj1ZqWxArC2KZoVTZ4McujrK4yBLeAPkAAiyDJzjxk8B	161090.550000	161090.550000	0.000000
Bj24qHsb5AcVmZJfhuEkcoY6aNQ8LVVbEd8ZKCBDVxwF	598794.540000	598794.540000	0.000000
BjV4sPsPRF3TWfmDaJBoun8hzNckWQGuYfugPD84vQve	1790299.400000	1590299.400000	-200000.000000
BkgGouE64iXfK9wNdMXJgLVNFFcbXx7DKWzk1zvvR1Ke	323522.790000	320000.790000	-3522.000000
Bn2hCyWTGnRuTh2CuhH7i4tdj7WoeF8t2mqqnYthKXhJ	384505.680000	164916.500000	-219589.180000
BpDnUaUzp6bi4vySdhZ6LcXb7m95ERfqquAdid4xLzWL	600000.000000	600000.000000	0.000000
BrAQk7XLSA5uLRmysX4WzQmwpNjhqtdFtv4hL6erL8B4	493537.080000	493537.080000	0.000000
BrShEbogkqbY9cYcJUyTcAunA2WxccQX2w4VGK1PH6yp	2012682.670000	0.000000	-2012682.670000
BrcPwZTovBGkFj1tibAxUbhhiGtbRhHzmvYFkcWQB2qL	115312.780000	115312.780000	0.000000
BrtDnWzYLJ2wokWDt6qzSDZB18FpiCVdxaFrCvZ9ckZN	215709.750000	215709.750000	0.000000
BtS9xYYjKZqmq5SKna7pwhDnWwXF8zipQc8s4kgRD5yz	185760.480000	235486.340000	49725.860000
BtdpZYzryBrwds48o85LvWtAhWRpKoUGJ8Py8K3fr3dE	0.000000	200078.050000	200078.050000
Bu7peFqtqWMse1EMCW1Sx6oioPQKoqBZTm8wC2ebvbox	150099.550000	0.000000	-150099.550000
Buwcfke9VqNcJXTPibMYcfHMvrf1G6tbQQj2S7uiK63W	210731.230000	210731.230000	0.000000
BuzujBDQN4GVinvxwq1J4RPupe1vVj6wrGSoVPwzbSMH	3900000.000000	3900000.000000	0.000000
BvUNBYQwFZ9tBoU3T5KL27NvvmwNuYJ2ojixUjbpBkAq	230590.740000	230590.740000	0.000000
Bvt3VSDivdycppP1cgP9c9UZ2P5fg3eC3CTty661TCQK	2409257.880000	2500371.600000	91113.720000
Bwgc4wyMYbLatXMGyFJUS6paqukWpGtv24XNKZ2WoDLE	200000.000000	200000.000000	0.000000
Bx7LsmsvwohZ3co8MR3kEHLW6ZBgNKdcVrzvmpQKd8j4	215343.290000	0.000000	-215343.290000
ByiAbN9MJhfQKGK5WJrfgko6XS88qqERQVRLWZTsvyTf	1265952.500000	1265952.500000	0.000000
ByyYzdWTUaEwC4ksE3RTr6Wop2ksPDviunGvBsxPtJbC	378786.020000	520118.860000	141332.840000
BzCgXwwGKEAuT2xEn7NEwBqCzL4Ud2yxRw7gafnXvmQa	0.000000	208999.160000	208999.160000
BzYeScNiVtzXLXCUFpScgjCWmG59cWT3tQnVSXLrWj9R	150000.000000	150000.000000	0.000000
C1dsPvULKj6gFkkwZ7x9Tb8MBo71MD7CDsLRFJZWoi7r	791805.420000	791805.420000	0.000000
C2F9yp9Bos5mj3ojbQrTYxmwisu1GsxLNhRzC14iN5N5	150000.000000	150000.000000	0.000000
C2K4QYUzhkn2JGVqWZkP6DoqsRREuTtink6JQKHnPRqp	600000.000000	600000.000000	0.000000
C2bVCRuuPbCwXYzagvFTrL1TCmdtp51pjA4RSHF1xNJn	0.000000	137596.780000	137596.780000
C36KZ692jSeFAui9kaRcA6ounG6NfUkWjhMCMQmsBK9H	9295749.220000	9145749.220000	-150000.000000
C4vqpFNtfDWDp6eRAGVj7WSaiPw5KBmgdRDFL3XUSiJ4	200000.000000	0.000000	-200000.000000
C5AHHcAfjqnvfpgYv9sLCZBLRvRh3XWCaKBm3AmNAdJ5	300000.000000	300000.000000	0.000000
C6cCzopXcDqX4gFfKe5X5wQ6GCSDkthz4XPLfsoTXaQi	600000.000000	600000.000000	0.000000
C81Q97TAbidAN6uP3LTN3cgxcQvU547P4Hz5EMcFcXq5	252206.460000	252206.460000	0.000000
C82MekkqwhK4SRDo6jqHE6Qjwd8iydeuTv4bpPa35BQH	1045778.410000	1045778.410000	0.000000
C8mPkx3SFR3A2DxBneSyutcDGdC7wRJBSzPz1BCJ5t8w	150480.570000	149766.390000	-714.180000
CAyWjHUi6hJMUqE8Fwy6UTHahd3AyyQehnPKATm7vcqn	1003859.240000	1003859.240000	0.000000
CBfeVwNXq5okMJN9jXQrAJ93QpcrMRc7Ty9AodxsSRp5	199967.140000	199967.140000	0.000000
CBrQhbsdnuaNTmrSsBVFKdKaNbF4DGFsooNkWfVM8JkG	2012671.660000	2012671.660000	0.000000
CBukC9NjcjBUu4T3SUzpXoPjcgGQ8wssNHVhYxCTwr8A	215662.390000	0.000000	-215662.390000
CCgobG2115fQoE3ek6qCNwgenPvbdSDV2YmfojsW34kQ	0.000000	268086.360000	268086.360000
CCvk1ffwgx8G6y1pBahzQDufp5G9UmxEJ3h8j2RcRmzg	244165.000000	589443.740000	345278.740000
CDRs5GYEKehSR9tZGfM7TJUfpnaPtsnk5xtcAWXKireW	211211.720000	211211.720000	0.000000
CEhZq1n7Wmgd4HQyAdrc5qFuKSuoH8kvxELTtDm9hgDM	306488.670000	306488.670000	0.000000
CEvMAcWVgX4wJuR5MBpWvzWh2vqiMSMPKtQM9xLsFkwJ	196589.790000	0.000000	-196589.790000
CFbSbx2cZd6FLUTuau8AJcRS14ifzHe8UyW8JficuZdb	190932.200000	0.000000	-190932.200000
CG6boaz7iWfpWDF4d1sTMmGWDaPy9zStMPR9zQ9hdxWN	468551.270000	468551.270000	0.000000
CHiqDpNd3t7eDoRGZtNTgi9AGAtJQ4XD6EfTmjJcN33G	361604.860000	361604.860000	0.000000
CJ7LsSWFt77Svwb8J8MdwpPtfDubVAgMHNK4xUbCzjj7	1109900.000000	1109900.000000	0.000000
CJGuDSppjQ6zkLtRFp5qYtK4ZArKnWc44eZySBSWKL8W	138669.930000	175669.180000	36999.250000
CK3BTWGp9R6JBZ1cuYmNkWptCqKzAo9FCrHk2LVS6eGN	260871.260000	260871.260000	0.000000
CK7cVPAiWaz2dpQC5TXvySK7soeSwoehEi8YadvLzjuS	152330.950000	152330.950000	0.000000
CKKjxbkkD6oRjo6PYWWLstwK2MYcDtB5rQ6heV17Jqx9	600000.000000	600000.000000	0.000000
CKq7vW7oE8HrffAgc7fQBkh4Y8o6uKrCw1pyctyXViTy	460375.110000	460375.110000	0.000000
CL7yLat5XDyWtQZ6MM9sUd3fTf8qyGpTXtd19ERxhg6A	183429.540000	183429.540000	0.000000
CLGachzwPtj3xPrVx2ozvGBnPsRtBaqHMDMV7aXHbX2Z	8352141.020000	8352141.020000	0.000000
CLhLf4GoGr1YetJxEradZPpRuwenLnszUfuM4ySrvLSt	4712684.160000	4712684.160000	0.000000
CMwcib2239k9j1EabDD38JoJwVwmAEfh7DkzFd2wRXwG	392845.030000	0.000000	-392845.030000
CNTXqamadV4kmsirXrjEX6XK1FF1WpjKsQb2qPj79ctv	174291.990000	174291.990000	0.000000
CPANf9GPuR1MhoLs7du7y7GfuyZ7Grcq79tuRhvHBcz6	0.000000	137923.710000	137923.710000
CQHiSi1REDiogpryzZuaAqMZ6d8EYNE9Tbim9ab84GcA	0.000000	830915.300000	830915.300000
CQdFiL1Fs9GjUKbZevconMBttb34ZudiRVyNF2iejUDS	900000.000000	0.000000	-900000.000000
CRfHWA3Z6E6ixebdUJ2XG79ZhZ8JaxDhS99UG93CfzaG	358392.000000	0.000000	-358392.000000
CT5q59C4hxVExUsAN5q3icCsMFPxSoS8FDuodk5TqH45	0.000000	1280148.350000	1280148.350000
CTFpHQxjhc722jXJDYn31Knhz2tnZsBVfuez74gbykED	0.000000	174665.660000	174665.660000
CU3PFkCdsdjC2NJXx6Yv8hCqKkzcaipWEDXzKrApmMZ8	178017.720000	178017.720000	0.000000
CVWsprunDCaWEDCev67JmwzCaD5FCfrJgTCu5abSPeP9	600000.000000	600000.000000	0.000000
CWaTfG6yzJPQRY5P53nQYHdHLjCJGxpC7EWo5wzGqs3n	1248249.440000	1316960.080000	68710.640000
CYp7hdivfn5zxtmKe5HT9zVWQa5EnfhieP2VHs68AWCq	150782.150000	150782.150000	0.000000
CaDrnGWEC5cebKWsu42r2pDL3Kn3miq8SnCNbiCDMz6i	502207.000000	245628.880000	-256578.120000
CaHVYvimfG3CoD5pmu3oYnqvLBFo1JoDYtYYvkv2oj4X	168951.180000	213697.020000	44745.840000
Cab2aU3CRQPmVP1pKQHj2ZbriB4UPxkZqTwq1oMcHpgy	0.000000	149743.590000	149743.590000
CagxAm3hfExaQRkVekhbz1gjczYuSi2pPvrRiFmtG3W4	205933.610000	205933.610000	0.000000
CahcYU52MJjAYR3f7fe43mmPHRupD3ArLSnYZv1Jqbgs	114818.540000	0.000000	-114818.540000
CcBwDd9rRXjVZtGgFen2tJh55WmehimhcTHuzDFXHu5j	1000801.790000	0.000000	-1000801.790000
CeLKp5XB4eydanUsqaP8r85dmQ8SWPKvtAZLpfRUMSct	578401.740000	578401.740000	0.000000
Ced9os1YRCqREJ4QdoMHQkcew5vWTMph1LawmfjeK6x5	0.000000	815802.820000	815802.820000
CeiBuVsWuevDAsd8xoe189MSvM4PuZh7mF6EGWK7SN9p	600000.000000	600000.000000	0.000000
CgANddXc7FKSsdLSdFv67X8faZqQaRTeLMXkAVANkZD4	163692.520000	289690.660000	125998.140000
CgHJXQLgBCaFv8Wt4WYJadC1pWoa4hyvUbrAGdgjUFr6	458244.810000	458244.810000	0.000000
CgjD3sg4gXtFN2Y9ZPdSmVKzU1DkfeQ4JuUteM8SuXhf	228537.060000	254179.470000	25642.410000
CiSZXEXFrNTvNCytf5vej5PxxXA58mYPRj1AXLFxCR9E	414950.540000	0.000000	-414950.540000
CjABhDG2oXueF6EwfwrBn8iuTsYBt8FSCKRbAWYXXn1P	160091.400000	192956.830000	32865.430000
CjKm413XAFn4LLNnid9qmqWvWgHEF2YKRRozhummHS6B	192705.380000	192705.380000	0.000000
CkV5rhJfv2vRdsaTBLS4CYJ3F5NGBbbKAtjmNQnYcDbx	600000.000000	600000.000000	0.000000
CkX1g8ZX72VuZYHs1LFCN5W1XqQZrtAXa1icFPn65Tkw	244000.000000	244000.000000	0.000000
CkaBGwnwo1hG6xz3cY343eygftrKJ66KQ9JhCGh954ss	0.000000	141176.270000	141176.270000
CkstDN9KrJtsiHxKMiV2j9vjde3F7XgUHbBNxS41tExT	505468.710000	505468.710000	0.000000
Cs5p4mcQXDE23ZcCzgmv1v8ysoUzzSakutD3WYiJ8A2n	231249.560000	231249.560000	0.000000
Cs96wxwkn65QXYqoBK8Mk25fzKo1EqhAUyxL39rtGHmV	157488.200000	157488.200000	0.000000
Cs98z1pd6NCJuV1FjKHDKREA2r59YJK28Emh283s81Ds	2518832.310000	2518832.310000	0.000000
Ctn5MQwPZKne5NDx43fBwrPFbLPVVgQoWFCKbiundcYq	147704.800000	147704.800000	0.000000
Cu2EzaRzrUp6BFUWuvRED27L5P7W2uLFdUi2zpxpoWFj	3386210.800000	4214517.890000	828307.090000
CuzMtAQx482jrhYeNwVWgzLNCbfdsvhZcgVXyycPdcA4	202324.490000	202324.490000	0.000000
Cv1uQse2yV4p5HSJfN15cAjJvLMABFKz4e3BAh8EDsoW	0.000000	171700.380000	171700.380000
Cv8nuzmQJLRb71z9KvXPXV4K43oRjcRT6P5W6RQad12f	201033.340000	201033.340000	0.000000
CvQrg2CLDd6a563VRsqMe4TvoCqLRoZ8LyU55fZCBNYd	186563.910000	186563.910000	0.000000
Cw32Ny2xcYdpfJmvFd7h2pRhcbcjoJFq8KrrA8YLwZeh	725000.000000	0.000000	-725000.000000
CwubQ3DqvBbVsruHCsYGeYyZmWmdg9LdpQ7SnezAq5gR	347330.890000	347330.890000	0.000000
CxafmedvsCvHuJr3DbRRyqVYqgT7d5LxxefBhPrD6H3H	0.000000	114689.470000	114689.470000
D1uVegYXM4AYC7N6z4ruuvziEgk5b3TFjd3aNYwT3wJR	239050.000000	239050.000000	0.000000
D23x1vkKSbmRzrNGKbNtvkck5wf3ZcdPx5dcG9U18WNH	6000000.000000	6000000.000000	0.000000
D248Yq5DkCXtWSYBnUJ9cPgJCeZ1gm8XU3BAiU3UeSVT	242447.440000	301447.440000	59000.000000
D27iCFiNsCVwLeF6q5c2x8bdJYLBCwZSq8spsu73SDjX	1875853.020000	1875853.020000	0.000000
D3A7BKD94MeDHAE19nQPbYRbqLsCU5a6tg7GuX8Dd9f	371955.630000	346955.630000	-25000.000000
D3SC4eUoS83wihMdEsNaqx6cpxG9Jr2sRBY8uPhs7r2t	1524043.350000	1524043.350000	0.000000
D3j9VXvZZ9QT11E4MCw462gkJ2u8dTpyj3hAnEhsvzXH	0.000000	963112.280000	963112.280000
D4r6mYwU2raoGLPasjqSWkuJwh7rnRQ41th4XRDKPGF3	551607.920000	534607.920000	-17000.000000
D4xt1Qey6THKHcWTxp9kwCojGhGXN4j4pqzzCwk4aiPW	536834.040000	536834.040000	0.000000
D53mRJamGdxEpWpMLPvYho4wuS3c2HFyy3H61bWrPy4u	141545.760000	141545.760000	0.000000
D5jx4wmxuPz18hqmgpCMLGVq3uSksCafCp5xjVe1nw8p	1235139.470000	1153917.560000	-81221.910000
D9ubr1usnukcX5xQX21qBxNgECvfsGufvPTA62bHKbB8	165000.110000	165000.110000	0.000000
DAhwsHMSpA2p6kexgjHAfSF8ZTocbCpsHbp2RPAM7zpi	1430979.510000	1430979.510000	0.000000
DBau4cgi5sbhw6KmtFKYSizY4krcEVUX94jP8nQc7ZMp	115092.580000	0.000000	-115092.580000
DBwCFEkqYD8sHTLgRaPX25SAiJiwa6sFyE8tqZEtPZX3	394675.450000	394675.450000	0.000000
DFMzo1mwXfE6UDbM61DnV2wPPeNdoZ2FhoejvtAF8Wvy	0.000000	1459798.400000	1459798.400000
DGT7QhTB6xrMwJZZEupeYXtw6xib7LHG7NMGb4pEVRy9	500000.000000	0.000000	-500000.000000
DGYruME3kwqWhtSeYqWoHhwvNnd2vsQtJt3neoRUbCy6	450000.000000	450000.000000	0.000000
DH6Aut9kykUAEnhpYd6gEgpVqYAiWxfimt7CsQ2dto6	600520.040000	625400.090000	24880.050000
DJGJ7nNRvxuMWsSXwmxU7do2F9pXhakUPdhdp7nQSbLd	0.000000	114109.930000	114109.930000
DMt79RY4jE2ZBYWmqZZ41hZEQ3iRg7oFXfYXNxR7brwa	503017.960000	0.000000	-503017.960000
DMvyQ4Yx7MnVVUUt7gR7WXUFrt4seXgRSuTquuBShhTe	143716.750000	156336.250000	12619.500000
DPmV8j3voPwcuNdpueFCfhQBiFzr2rPQpV5TkGw9qgq9	140734.880000	140734.880000	0.000000
DPw2N2P61f6wGKUtKaXrCVUHnzyiRcqK58PbzTqjWfeT	0.000000	146433.500000	146433.500000
DQ4aAh9NieraFfFHeRgYHN5t2RbXi49bTavKpXNwHReE	145301.780000	145301.780000	0.000000
DSkPrCybRZePvpB3zadEDYYGWy6fEF9Uc22svbQ7h5ZT	260046.630000	260046.630000	0.000000
DUU5cniVxRxWRRKDV44yQb1mbYLntRQAye2EAFyHBr5S	424292.550000	0.000000	-424292.550000
DUtnAXMEwabGQMWkdNuhcPahdeai8KZ65M3bZsVAoGdv	217273.910000	0.000000	-217273.910000
DVB4kZFepTxJcsV9n6Hw4ScR4w58ecLxs8H8nEkWaYyn	149008.550000	150008.550000	1000.000000
DZ69UG4HWmgQwdr9Ehfc7kRi4PVDnhKhU9amEk9yXB1T	277381.450000	277381.450000	0.000000
DZypjCBsv3eQGxKfja7aqb1fYVxSBG51cyxPPUervrs9	0.000000	150000.000000	150000.000000
DaNQWKjMZ8LFrCCzsazPDnXGiNxPSRBcijT5DQGCDevG	301777.360000	0.000000	-301777.360000
DdHQqYsvVbFjxhaEUzYUm3qWvE8kiQWPPU5eTcaCwYg6	200886.340000	200886.340000	0.000000
Dfcrsd9SnFA7yZaYEx26itvf3J7r3GcK3yqc8JGjTY7L	372221.180000	372221.180000	0.000000
DfwTvTeiju4DQjCNMjFU7ecznJVKyhMnSk4voGhyPT8F	0.000000	124641.810000	124641.810000
DgCqAG9tezdiBs6iD3vjSBKtj9ahzLyXKVJjgo5CztW1	1020000.300000	0.000000	-1020000.300000
Dh92qwq3Ms5aG4RsPRvHYVgt6WiEbsEpN8YuGsRNjCmT	183995.340000	183995.340000	0.000000
DiQtjgkRuUXETZYjnNMhzTY48kZqczksV8m4f4yVhAbE	754497.350000	754497.350000	0.000000
DmnRFkx5ZU7qhg6FEm86kyWFQH1nhKGVB4LFR5TXh57L	300614.800000	0.000000	-300614.800000
DmuiVi9azUxazcKs9PyHc79JkHzqbzy6jiiNBFnpJLCW	135765.170000	168733.190000	32968.020000
DrwPKpx3SityVbwd27R9SaFkTtKKA567xuNSnX4Hgdde	4149471.010000	3739818.910000	-409652.100000
DuUNi4qZSmkbSCMpskSegVMi5kzN9S5sFPp2ufkgMVLQ	1151877.040000	1195847.710000	43970.670000
DvEb1QWDMzTkmQ6YqsZcGE3eJ42RdWVHcYT9jSXvZ5tX	188386.410000	188386.410000	0.000000
Dw24aXN2Q4LRSU1kV9Pcdvjz7rcm3vjfxmSApJYwpGrF	1550979.210000	1550979.210000	0.000000
DwE6jvaGp92RhGUoHnDFy2WRXXayupgCkFcxKgrmYNkK	1590047.840000	1590047.840000	0.000000
DyE3MBmBcFcPRhMkeMc5aDV1d6uGdPtcEkkaqhv3YsYb	0.000000	151803.130000	151803.130000
E34H2tWnMyM85AjHHWEVXDPgYuN81CFe2ACcp8fPjWKL	155142.810000	155142.810000	0.000000
E3LFaAN6eL9qvSNrCn93FcvmRNsQc1DLhRcDv1gGHaSP	175996.170000	183723.420000	7727.250000
E4Ao1rUU6nmLVLniY8EJMXkLzxSE2qncuoNb3cAuNUAe	500000.000000	0.000000	-500000.000000
E57REXAPC7SjZP9dfYxr97cEWKX8V1oEKWt6fvpv2aLi	250000.000000	250000.000000	0.000000
E66aQDcm4ZrueEVuF1upDNrqkbLX6QQKVVEM1iZPgui	374127.490000	0.000000	-374127.490000
E66tiHFjkPRLrpQqHdiGHj7RuzaTbXGkykW65ARubHD7	600000.000000	600000.000000	0.000000
E6SiDk5PyqRS28RWMHFtUqEgqb1pnUgWDBHtfjqnA1gD	210230.960000	0.000000	-210230.960000
E6ZKdCpat6UcJv6muSnfKzWee6ND2pPpc1W7oDAtbPUz	600000.000000	600000.000000	0.000000
EAL5LZrscVQuKRVQdEe9gbhy1dmq8DajaymbAcPHFjHB	114935.040000	114935.040000	0.000000
EARPpWcHMEYSDSxqCT8cp3sLLW3fUkYgA73VtSpwtcMx	234000.000000	214000.000000	-20000.000000
EAccHiggKLLA3XCVvmKLBzrcUTK9EZvd1Qce7vT1WYHQ	900877.880000	884945.470000	-15932.410000
EBbupR45CG5crRpRaXRCzD2kBbq3YXVxpjyP4Ja9NYqs	147012.170000	0.000000	-147012.170000
EDT7QC6pWyV8wGFLZqVdTKYKmhz4WY2jCXYrvSmq2erh	4983128.770000	4983128.770000	0.000000
EE7tdZLsUfnvxsDSjabEPnYRMMhhHQk91Bm3JqxERrTQ	206183.030000	375778.700000	169595.670000
EFW5CwoiBqxVFdAYrnPMj1GEgoFoHaWaGb4tXtSXsLDV	442378.220000	458938.660000	16560.440000
EFYBfgseqL3dpqPAS7GcfizYte7GJEdLUJfemypxD7SU	500000.000000	515000.000000	15000.000000
EFftkHWudvd3voYidTh54o7HdiMfQmmmcJbbnznMYf3D	295412.650000	295412.650000	0.000000
EG4XwLF9iU597H5uBBCRWBcEAFGFWH9xaxjdZULRmhQY	207000.140000	500000.400000	293000.260000
EG5L9ocT35X7Y1u562XNNazX5aFzJU5hx7uR5umQTFAZ	139660.350000	139660.350000	0.000000
EGDHTyDgjnHYcga4CFezVPNBuSH54zPzebHvz9Qp91p6	302703.730000	302703.730000	0.000000
EGVh5riqDUCmU7ZgcRu8PmrVZffa8D83L233dpyJh87w	600186.530000	600186.530000	0.000000
EHhR4VzQj4HuQnwCLnv4yCyMrLLg9iwAqEDFLzrViZms	0.000000	850221.760000	850221.760000
EKFRTeuUU4DQ1XdWVTiHebpY4ug3eRJwbPzSi5TiL4y	623167.450000	623167.450000	0.000000
EKVpJwuDctCfRDvTNSqYFyjn1md5TfVsypNdGK22K5MC	117083.540000	0.000000	-117083.540000
EKjLMBUTn9WziJ4ADzvfWG9SsiGVaCnqg4eSmQ2o4QUc	406504.640000	406504.640000	0.000000
ELBgWrw6GuG5qAnPyPpAHM9Eoj3kbfgeP1iWQXVJRXf	332493.570000	332493.570000	0.000000
EMGw7Q2QkVTAbWEQZ7FdJD3hUe34Sd13Q4UxLcHpbznR	172558.830000	172558.830000	0.000000
ENdF5mUXoGVyWFYggM4HNq9XraRoo6wbWHtEc1FrxqwK	169637.490000	169637.490000	0.000000
EP6kq5eswZYsfuUiAA5mUcXunFkLUM439vMms1DtXXjD	1765221.170000	1765221.170000	0.000000
EPk7Qsrv4Sahxs42Hs2Q8xrJjvWuPCwxBVZqdd9QRnNJ	0.000000	141342.210000	141342.210000
EQqPJxqjA6JnwSRAjk8cnqhZKvx1D35HKJEEZvDJCTJc	247818.920000	252819.660000	5000.740000
ERaLpvqYeXfVbhhJeEtM32qexg8XKQx3zPWwUdedbSJj	2500000.010000	2500000.010000	0.000000
ERqZpKLQURkuke5nf9egLjMbt7yqVZK2jsgbswzgS7NC	119732.230000	0.000000	-119732.230000
ES383AE9inW72PUGygFgygV9h3UApdhrhfQ4LLMzBKHs	145729.030000	145729.030000	0.000000
ET6n7e1CGFBJukFEQFrWytEvgGronqhc7nhkYyREPSNb	140284.650000	148718.000000	8433.350000
ETUkapS3CwaoacA8Dqrp3aUuefVVtNsq71AWqMxGxB5h	194540.620000	194540.620000	0.000000
ETX9E3V78kQHYWpJjNRM3Z825cKECDJ5oMSpuqcCr5Dk	590000.000000	0.000000	-590000.000000
EY1zFkrGGtFgZ1poVybwU5ehHXogZvTn31GtRimzeTUF	0.000000	133143.480000	133143.480000
Eb6z3D9pJgKkmXEsXZt4ynJvMBy1mxCQD6pkAJPWjnTE	600000.000000	600000.000000	0.000000
Ece8tS511E3P2RfcQPKgtxfYnwTQ8kgBzcNv5PDw5GZL	350920.200000	0.000000	-350920.200000
EcgmCAnkAKTVLyeY9WsGC7n41kdhzzCiQ51DsDEEmEG6	295733.440000	0.000000	-295733.440000
Edtc5esqzsY63r6wKQgYYKLYYYrYNm2qT2expHzpCKvB	0.000000	138116.310000	138116.310000
EeVhMnQSxF7wr77ygxfdGyW6d6UL3gCDk38WMME8gLjp	0.000000	300944.220000	300944.220000
EeYGsCHabkSBMJiVUbAV3ghTfkRUqGpigWfoPXdQaR6K	0.000000	500000.000000	500000.000000
EenWrkN9EwB5yKPxkEfeCYVvLRNeqaAMHsytHwGhCYGi	150000.000000	175000.000000	25000.000000
EfR2utwWG6pjaH6fvjYPLg6MMPbYcQv75zp4ksdjU9e5	216129.940000	216129.940000	0.000000
Eg2kVrJpZFrxCoweAQ2FenJDvdds7SuEeJizzspitJA2	120266.860000	120266.860000	0.000000
EgSw3u9tADK1xy2hW5w9wiex89LdRoqbmD836AqwhBsb	118962.380000	118962.380000	0.000000
Egd9MNMJCEeeoyxAgda15Nvs7YSp9joV1dJiLzKbcvsC	150058.750000	150058.750000	0.000000
EhARB7MH4nwTfCiwQJVJEM4TG4Zh5w9sTxj4ppELmpm5	0.000000	143510.040000	143510.040000
EhcP9bVQWo4FWMbacGrd9tayzQTaDF885qyGbdy6SSkW	1200000.000000	1200000.000000	0.000000
EiGwtmcMosdqMPVByU7v5gDMggcUiPF7SmxBJPModiUU	11000000.000000	11000000.000000	0.000000
EjDZZmBvo6i3x15W16yNBUz9XW3wB1ffURCz8p9fwnq1	600000.000000	600000.000000	0.000000
Ek4xUJXiadRNMak2jhhnHhsjSp3UmutkWChL2euthWXg	245283.620000	245283.620000	0.000000
Ekv2zsMRusnUqY8nLE5iMdy55qvenPQkJ6TYGShM3eCz	250005.350000	0.000000	-250005.350000
Emed4QRjshEEnwkmcUyrEi4Hg7cYKbgcRCqBtPseuHqk	276720.440000	449715.570000	172995.130000
EpiVj3NpVfjRfKFTBTxnMDfdJ7esCy9SQhm1mMKR2ci3	120132.920000	120132.920000	0.000000
EqtNECpwYzC1AdiUNZhsY7rMLtiMqWVAqmJX3WpLpT2G	243447.150000	243447.150000	0.000000
EquU8S5VnYs1r3LZnDDrR1ao4iHNeCf72y7ZJ16FjmbC	485159.280000	485159.280000	0.000000
Er2hXV9zogYDVvaXmpZEnbtHLzbzX4JFw7TxGb1hQRsC	401927.040000	458650.630000	56723.590000
ErRGVmsVBTJM9bp9tRGKR8NRGe3brFH5V7pRH8TbzQQ1	311309.490000	311309.490000	0.000000
Et32cCBLRpiP6aLTWFmBVgpVMHkFc2mSKDao1wgTbaVv	1256152.400000	1256152.400000	0.000000
EuUVjBQzZyHV3QZPAxC7eFwxYsrJzV1hg8eFthJNEhQY	115717.220000	115717.220000	0.000000
EvM7CPifzQBM22u2CpczCKXNSZAtSYxJPKA9bpkVVEZc	150194.700000	0.000000	-150194.700000
EvyNYjNKRu2HhF5qVUK3LqhnTMsQhkP1R7YY1E2HAft3	134063.320000	134063.320000	0.000000
Exd7CSELYBe77WxLzGikKxyxySearQwxnXZqz4wJRonT	0.000000	121409.210000	121409.210000
EyzRhnBo5byqY8FFQSLAb6zwLVctmuZsbcH1Mi2M8fF9	209621.840000	209621.840000	0.000000
Ez3QPSiu1B2224EjZv9HVHVpZDKN9H3jbAtw89nSpQsC	648691.150000	488414.610000	-160276.540000
EzAsZPgnnoeCJqNUCbXC92UkwM6J4vyYtc8nCx9ptopo	140972.180000	140972.180000	0.000000
F13qNPsSpea4XnzAxejwwbec4Kr4RQBJHupFg17Dgudp	1004587.060000	1004587.060000	0.000000
F38v28o3xSNPR6mh8nchkS3AraDAjdPCz4x8VbjvVUeL	0.000000	150000.000000	150000.000000
F3sHJ8ptdZNhXZMHW7ex4dBoFSyABv3omrkNHPQetbiU	1208941.530000	1329580.950000	120639.420000
F59XhbRgYiJrFr7yZeYKsudPo5u7vkeLufZeykwzxxu1	3065909.400000	2662909.400000	-403000.000000
F5nfdSVTT5ides5NCFSb1Gk7fBxp9J9HWR3NQ5og8T5S	116975.190000	116975.190000	0.000000
F6GqDU2KZUZ9wCzJFUxRer8GAD7TbqHMJoRumErGvwKv	571856.130000	571856.130000	0.000000
F6SAQiFMrkChMycQVbU9ADavAWLjz768ya8Dd132spEQ	1000970.820000	1000970.820000	0.000000
F6daj9zQ5DxjWEaSA3SehGCZBAyz8gk16FZFCSayaNvN	1000000.000000	1000000.000000	0.000000
F7VX4JKFTdczzzACbwcFBGYG2LmPqryz7e9hSyAruYFt	11008593.190000	12018601.030000	1010007.840000
F7u1bv8xRMynjQn7t4p2Lhu2R9wUAx9aoyUm1uhgSncg	198431.840000	215059.090000	16627.250000
FAWpDSh4BmGqwQRgwox5oSGA1Gea2TGn3bH7JzRef4k7	0.000000	150000.000000	150000.000000
FAii99vW1ysCeUCkVsHE9shRRrDKdtXpsJ7dzcaY8Piy	600757.600000	600757.600000	0.000000
FBEz8eTQYyzSAB2v62GJjo9vYWmbJMiJYEKd7JEuJLDp	143056.860000	143056.860000	0.000000
FC1xGhGdat2gFW5XzWk4Rvuas8mRAAMEpPXPg1bX27Nt	200373.740000	243279.850000	42906.110000
FCA4U44hiKgUBTLTP1zcr5U1PwtLKscoxQnPD251vdgf	1305315.880000	1305315.880000	0.000000
FCVsKJRhAvNDtejpxUt3qXRjk1sSNNfDjzshvLqJZ8hU	192995.900000	192995.900000	0.000000
FCamUEkqSS1fw7Pyvoo2Hkc1KTrWusBzgPS2EKwWfRYm	600000.000000	600000.000000	0.000000
FCwGGnA6YecPVP2cELJvKQiQWVuXKUz6EbtN21q7RKFc	146578.970000	0.000000	-146578.970000
FDVjevrgycd5859eBjhocR7AqCQna6Cu3Um4cHNAWNBp	0.000000	190200.000000	190200.000000
FEUzijoJVbAcFDE37wqQJnKuK2sRXDtn5ckj5jJGStVc	0.000000	185159.150000	185159.150000
FEW9eQkhEAX3PkUS6B6uCo2LrQZZrDiU17jUubCm2TCK	600000.000000	600000.000000	0.000000
FEacN29My2ZrXsa1rdvhdhbT7b9uDw7uEUDRDAfw5Mwh	167477.630000	167477.630000	0.000000
FFo1qoq8ENZvB4yXxtQB7eVaKds7iUGvgyBGgKTmtfdn	331451.500000	331451.500000	0.000000
FGTdx2uCMYJ9CJpAaopr4QsUwijh6D2bekRr6UAJ7PiL	0.000000	228101.270000	228101.270000
FKFVxdXrQYgwwxfp55cKweZHnPWURsxL1tiDjYqDEdZd	353652.820000	350052.820000	-3600.000000
FKMPogb8iVz9Ce45RWCE5cMySrJ1wzoJUAwxsCw2xtkX	165446.450000	165446.450000	0.000000
FKnheJhWwxWVutQFjnLXYU1pV42hxTA1iziaiX6pPYdE	600000.000000	600000.000000	0.000000
FKrrgxycmojwNVfKgxM5wUTz9MH8ZQ4GBnzSNVaqK4M3	159864.580000	159864.580000	0.000000
FRURwqxEaEfMF4RWAmxQ5XcTXU2AUYSn49gMMRzs1VGh	116660.380000	143308.010000	26647.630000
FSKW486DJSHqwtJ8vNEAKreSdY3PLXeEHaYTqkMQ1kt6	129494.480000	129494.480000	0.000000
FVSqz9oFwidstRADAC64mV3EHK8g5wnQ6nMc1UnjCxHC	190723.260000	190723.260000	0.000000
FWMQ2zioWcmNWf1HTVQyuiBvj3teYjC49fTG6hGSu8f8	213250.850000	253328.440000	40077.590000
FWznbcNXWQuHTawe9RxvQ2LdCENssh12dsznf4RiouN5	32527163.240000	38018666.060000	5491502.820000
FXBo46sA93nNfzy5hT5K3xHiDLCgok8u6WaqwDsyq34H	1369804.450000	1369804.450000	0.000000
FXCjMWYmhuBrpGRsRWoAr4NALJXn3AmmudJL9z7uD5cL	174239.220000	174239.220000	0.000000
FXFbtsbLEBWCmcrZbT7qGrLqg46kHqdPDtPYc8vioT4e	0.000000	510603.360000	510603.360000
FXLhWbRbXrrjpkbM5pv487ieemBFMmQmyoUBeXcRm2oq	125848.180000	147056.130000	21207.950000
FXfTzohkTNxKc96GvB6FZndG47vFMdtAqRcNEputoXNy	250000.940000	280012.980000	30012.040000
FYx2rcjC81iByGhTrdQmoxrMMWJgjkrRXEMrg2pSyF7m	125000.000000	125000.000000	0.000000
FaCHrCQyLCSPzwDiTSxnwTxTfejCpNiFZT7uhKDnGwqd	203697.030000	203697.030000	0.000000
Fb6MQiQkWgWgJsUFqjLcP1oHFP8LpcK1uK1kKwWfKtBX	360978.770000	360978.770000	0.000000
Fc1GdcYdtcxRZVCtmEeoAEEYbVJLUZripWPaZ25GsVJ	0.000000	194351.460000	194351.460000
FcH9X4WtgZeJ6dkDgBehfzoxAoDg8XgjpxNg8u9JZrTk	516328.190000	516328.190000	0.000000
FcsC4REpQmKK6v6aqSDzvb8bCREAVy2pyAryXrnPTxYo	810258.580000	810258.580000	0.000000
Fe9G5TUs6P71gC6nBTKu7azArMeeECYHkjJwf3VcYFUq	159695.320000	150508.500000	-9186.820000
FfDmfxAFJmUTTFbhQJdxXZHQ2V7gT6hNWEiZ8CR8ARYs	426707.900000	426707.900000	0.000000
Fg9ySwkcZGCpAaEuA3ah1u4zQfhbJd14S8TmpoBYiw1F	344934.420000	340000.000000	-4934.420000
FhWEggqwuz4a4FcCScMENjzkZhY6T4xAoToCFhzi679E	0.000000	161160.230000	161160.230000
FhsomQfrChs3mTwVN2jLqHnQGwT2XiWrmqrSihfig3gn	163140.850000	163140.850000	0.000000
Fi1YD4uJWxHPZXMou4uw1474iL1hvSAS4nXV9FfDjAup	223274.300000	250176.400000	26902.100000
FjuVqnojQ5qLpGiEy9bv5XJNN6P6XjvePmEYf4SibvEd	262618.320000	258653.260000	-3965.060000
FkUY2NYTj2amBhtwxSonxEQxY12HjdDgV93jVD4Tv8s2	250118.920000	250118.920000	0.000000
FnyMQ8ChVnp3YUGzNBD38wvcYmuGtMqeeTh27rBGRWL7	400000.030000	400000.030000	0.000000
FpUYTNs8UMxmZFR5pakFZuceibjiDXy9dbDs11omo1wg	206073.370000	206073.370000	0.000000
FqHmZhqX59VBJRMhTMrcYPHoCN423EnmrioUB6RchCBM	761225.130000	761225.130000	0.000000
FqT2mZixTrSqnzcAp7knUtorBdfXB8miiikKfT4Jdy8g	365634.380000	420731.700000	55097.320000
FqWiiUHAbruqJFEni4JMpasbvcDJt6wbutNEsZrt4vJx	150000.270000	150000.270000	0.000000
Frqyd2jNnLueif7NkUanUiQPbzz4RWioMK8sTnXoNKn7	262853.910000	262853.910000	0.000000
FsTJoA2oab4SmmWXMJ4gf6DEAGQCktaNhCCNX6gdvKzp	239413.870000	252913.870000	13500.000000
Fspb74eDAvw8girKbuszRidxuXyGjLxPWFPewrGNXkw6	0.000000	2380276.190000	2380276.190000
FtP7LzbUuBgn9DDjbJ7tP8sGzSVd32VNXr6GzRSD7hrk	400000.000000	0.000000	-400000.000000
FuTYwTmRJK67gcNwm2GsisvctxvUhzgywRBDkrhC56EH	1033101.760000	1019498.350000	-13603.410000
FwnNisKFiGcMPF7psmGQigkQQzLc3k9vPtxHhSaC9Ma5	397711.910000	397711.910000	0.000000
FxSVdkyMmQzt9KCpz566gsuFLmp7xmittLzuWZhYcoRV	117321.700000	117321.700000	0.000000
FyNo76YA5PoJLTXAraMhTsjfiQMAVTq1CGGvDrfQV2hr	2422159.560000	2422159.560000	0.000000
FyQRDKDjauBh26cV1YFrPKviVrPSiX3vv6HaXFdubeyV	650716.330000	661361.430000	10645.100000
G1LcfUmbgxqoNm9kGh2fBY6vwhodczWHCQWsNcvhdtnM	202363.500000	227971.540000	25608.040000
G2VySaGMnrZuSzLrXkwp7HiuYpJpYZmkS4CKniVeniT5	270371.660000	270371.660000	0.000000
G2Ze8WXCqKjinMgDkd42UBRoHrk4iNAd6H9g3ps9r5LN	635489.630000	241701.430000	-393788.200000
G2j9xPk5wfuotEKPjidzGYn3GQDqSAcu3mWkRouzECVu	5698649.570000	5531158.240000	-167491.330000
G2mScKCCSLNEi9AfG495D2mLgp731SZEFS2NsV3WLGd	130782.170000	130782.170000	0.000000
G3QYDNepboAqmoWgegTb9QVmCUpitjzmuEyLtPWLnpSh	1000262.920000	1000262.920000	0.000000
G3bLeunTvnUrjXSTgTcu5z3W7Py73STJs6pR3RGY6X8S	1760966.600000	1760966.600000	0.000000
G4wCou1iPRkzP8WjqE3NvVPe9uPUKSHBDLzJxTmpNwK1	201395.790000	201395.790000	0.000000
G5xQpPZzNLsdCWHof6AEKAu6dg5QPfr9SZDHCu4FfG8D	0.000000	178080.610000	178080.610000
G65oFGUre2d4xWWuuDqsKpmuNMDgETtASieD2vUvTtfk	120550.800000	120550.800000	0.000000
G9AiJnmLwyJJyGmdN9Hj1zR28cQNif1fgcxNdAgHwSga	0.000000	213254.180000	213254.180000
G9pkKGCNuRURXvbEYASwxPUTHe2SCSsNzKCG9Lva8B8h	127782.320000	136330.670000	8548.350000
GA3ft76iN1wysUUdEMbiNQa7ecAHWy2v9GRs7RPw37Qv	0.000000	439533.190000	439533.190000
GAHRcukiwMJsnSruHv8V6H8Zw1CWR1rQXyx3vEmVKAWN	116873.790000	121668.610000	4794.820000
GAKLEndJn2QnhKHLNJ6vUxoxXc6vRbW6ySpQ1LcYR7rz	633984.030000	0.000000	-633984.030000
GBPJCiA2xmio4sutebUyoZa57LkS9CqiKdjfVPFXMqM9	232868.500000	232868.500000	0.000000
GCwQEYJG1HXeGcQk6YTx3YduAKggdrwCq7hL3J8Woweq	211988.640000	225444.700000	13456.060000
GDj2Dqx8kSmseTNczg6CebugQ2cwLnQ8zThSTB6XrTTw	500000.000000	0.000000	-500000.000000
GFhRCBnfYg67ifTXPmfZQqLKNNtceSpXurbh2WpB9J89	20058403.000000	20058403.000000	0.000000
GFi2FBamTP1ZBMW7sfKUq3BhMrtrULCVLYZ1b91ccjrA	500000.000000	500000.000000	0.000000
GGhXUVBcmMmxmDgont2Hg3qZLwxQ3GWCnQZj3Gzit21w	197266.260000	197266.260000	0.000000
GHVK5AxVMhacaL6vVQtDHGCjzkj6d8z9YwVxCErhWJNM	165117.670000	165117.670000	0.000000
GJCxZpi4pDFaYMkX3K2DTX4mGCYCCAiphZrge986xFbG	152493.050000	152493.050000	0.000000
GJoyX925TASwYg2jdbttS3JEJV6Hq7gpLTjE8swE1JuS	179558.110000	179558.110000	0.000000
GLoaUq2htucWm9dRgK9pXTJWVebtuiwxSfzBJSM9DQit	141528.720000	141528.720000	0.000000
GMYhdg5vYzv93NWq9PkJS7Gdt7eJ47ktDrnRbin8GYDs	243691.660000	243691.660000	0.000000
GMjL2jRDzHvUfL7PDZALc8AyXr8y9ULZS9UmKU2kq2nu	241832.350000	241832.350000	0.000000
GPaJJpr3rv7BmezuqpshGwLntuokrbS2xaxwUUHibTGV	0.000000	317308.230000	317308.230000
GQPGrPzgjpeLQn7Jhd6YP2m1wie4ZaCmBCK9B4xzRUEE	212305.420000	212305.420000	0.000000
GRADtKAmaZrKP9fNNQqZWFFPDfrMXFDxa49YbXH9Rt13	600000.000000	600000.000000	0.000000
GRWqbdwRLEyUKJKJfvfYUjxQDcaowTLu3ASBXznB4VKd	0.000000	218912.390000	218912.390000
GTs1UvgbZv4D1Vf8ioRnC7JhGhhCJip2DhV8h8XThq8W	600000.000000	600000.000000	0.000000
GUDsdDWZRY3TRbBf4xH68P7uw5N5Ja2exL2PrQqp1E49	500027.160000	500027.160000	0.000000
GWdjEGhNBmyKwSNPkYYn6WKUWD5AWCDYd3teRjagfsKV	155210.310000	155210.310000	0.000000
GXrgorpEx5hQA8RRhRC1uRDF8ahg2PGHzjqJpQsHm6N4	300862.960000	316217.490000	15354.530000
GY1YJFc7BhBqNeBmyiJmbMjGAbEEtFGihYgPFQ5hShfG	430469.950000	430469.950000	0.000000
GYAK8c2utzseSK6QwMDbtuAbNtf4Dy7ifmMr3tqctRHe	0.000000	977395.040000	977395.040000
GYTFJY4dkX4z9XbRNh6JTzohbeDfA4ZwnUg32Gf1Yan2	372029.510000	372029.510000	0.000000
GZiAYvHWKafqVZFvbjsXL8CRAXKDkfrFFYvwzuojzdVy	118447.190000	118447.190000	0.000000
Gb4e75w4BKWej957ZUyjv94mqRJSbhZ1RoQgaDCCW4D6	1129952.180000	1129952.180000	0.000000
Gb95H4zaDMjSccU7NBWQWRfdWnoX8USVgkEXhQh1sw4P	201515.290000	0.000000	-201515.290000
GbusigTYyGUQchrWTZunZSboPHgFHw5anSVuYq8hjRDH	245743.370000	245743.370000	0.000000
GdL2iCBP9HiewrXyvhZyhh3ZUQGv28swwDTcahNB7EEn	500092.240000	500092.240000	0.000000
GdLR2P1ecRpYMrffdC8NfECeDrE2sGqqjESCFyEaD2Vq	220016.970000	220016.970000	0.000000
Ge4PKfSgCkytyAMvtjjqVMUwrjC5HWPt7BCtgzuGt7bq	382342.780000	382342.780000	0.000000
Ge9y9c8qF2sbd2VY7Lrd5RQc4Tz4NyBTT6vZioa4oCho	239849.040000	160606.480000	-79242.560000
GgBSJV44zoTiN61Te1x1Lgs7WYwKnJQj7jZMDedF6T9b	639137.850000	639137.850000	0.000000
GgkksoocDmckjLYRE73QYTSPvqP2RHUSDC8ibiPFGd9U	200027.320000	200027.320000	0.000000
Ghm1WUmXXDsqWKu4PoqhrUbdBFguZMkkzssytdDAyvqu	412725.550000	412725.550000	0.000000
Ght2YarktgyHzrs6ZAh5HCTwHsxRcgCkpvMxf2UNhYvW	300000.000000	300000.000000	0.000000
GjRacG5qhTwQfUd5r8qAYdiUEVpArJt1T3VcYJh9SWR4	301712.850000	301712.850000	0.000000
Gk2Z5BSL721cQfRPg7qzkFpHzKL5DymmJ9teRKWWwjUL	200788.170000	203248.920000	2460.750000
Gk5c5ntniLjZbgoso41WagmCB3Q3gyEXk853NgaXAHtQ	141506.840000	141506.840000	0.000000
GkcuhETxCbq5PMLEXSB7xjqqRz5n79R2K34xBJKSM3os	5500000.000000	5500000.000000	0.000000
GkkNFcURWPC7rJMd17HJWUpZxkxmx6LS8t81RHXrug4V	124654.710000	124654.710000	0.000000
GnqNiZXYErPhztUgPoLLRn1KZHFqUktffnb487TaRspF	205000.180000	250000.000000	44999.820000
GotRasKtnYnNbX4gPsqvxnQHaZTMJ5vbBf3FrqyoSEBz	343559.860000	343559.860000	0.000000
GqZYtpTpXiW7phGzMXs4x16RAVL1tTVJyKsFmyLfrjVD	119382.790000	120581.760000	1198.970000
GquXhUazv8PfxrjxfgURpJ4jHT1Bf73QUjmEEKTPC1Dy	194000.870000	194000.870000	0.000000
Gry8n3nmrwaiHPT1bTm8Be5Zq8hvsrN7VtJNFj3X4Q35	2000000.820000	2000000.380000	-0.440000
GtaomfU42e6wyQq9jnPh9F7HHHCvHyGBcwBhM9x4zSwG	505866.240000	0.000000	-505866.240000
Gu7ojKRQvKW4AzaUehRFteip9YPQ51UgFtEh4kVkUSvj	0.000000	116616.980000	116616.980000
GufER58azJB54Ghwc8ZddDBkkqNyfGZYvtQXPpMj2GU2	450000.000000	600000.000000	150000.000000
GvLjzZTdQ3JUDhJGgsBc8eZi8S5KTdJscuGy7gpXr8kZ	129664.530000	129664.530000	0.000000
Gxs41xw6c8awn9GqbmrQtD1NVqsabvw8x5FjA2Umt72k	0.000000	150000.000000	150000.000000
Gy5GSoHmrfnv49TZHku1bxNv2Dy4tFDjgm7vGbmp8S2h	3695525.120000	3695525.120000	0.000000
GyAPFPeEhJqRKGrzT9DjpkGceQXP2J6UfK5JVTvVULr5	202319.640000	202319.640000	0.000000
GybhvUZzTq4qYBc292dz4HE4oQPZJGC9xGJdEH9uYeHK	4000000.000000	0.000000	-4000000.000000
GzEkYTdwPvsKMKQnVqZNiRz4c2jVRuHh5d86gW8mHuFK	6533449.210000	6535118.050000	1668.840000
H2vCimm49KxWHGeKZj1jkwoKXhSiKANrgaDvnsRRpHee	300000.000000	300000.000000	0.000000
H3FnEDbxzk13tKwAEGEUGiq2NvNr2eJGYwD9sADxkFWV	440555.880000	410000.000000	-30555.880000
H3KrB7f69neFDSTsXB8ef4RpojAZcQ7oV56HYQth9TXk	125000.870000	0.000000	-125000.870000
H3prTUZG9mMWaKvxJeNhVtMG9JF9v4jSbVq9YvjYvUo9	600000.000000	600000.000000	0.000000
H4pqNtxeZVYSkYtSQWhr6PUeF8BJTaR537rGBKJAaWE3	170002.280000	170002.280000	0.000000
H5BovKfChqZLqiPTvQn2pFixDZA24rNpnwRAWCKPmvJL	159542.090000	159542.090000	0.000000
H5YSaUMDUzd5QUPs6G4MiK9NFwNTzNt8d7PyVhEE8oZt	600000.000000	600000.000000	0.000000
H5bT1bmvg7R41hBnLiUibzPpaZ9sVCDoN6npRc36Q66j	272141.560000	272141.560000	0.000000
H6WNuyfw3DpxK73WR2Eir1NvqQJqchhMtBfDHEURsM7e	1983923.970000	1050463.900000	-933460.070000
H7Bzf4t9dKPPRtj87RkE6ipiEjb5p7TAgGYmKvc7QkHu	155197.640000	0.000000	-155197.640000
H7rvhMk3uzk7sBDmJ4u71Um5GThJDxTyadBpx7ME9RgV	377467.500000	377467.500000	0.000000
H8884hW144MmyKyPeC1ZVzrsaSo4WvgngQPVFJodDVV6	600000.000000	600000.000000	0.000000
H8941qVwkLaWDvifMbzT2mjvxvVhxu21EmhewSZjHsXU	122360.830000	122360.830000	0.000000
H8Q1ceSe8tAYuhqZ84f3HywbJCqRun3PYpTykjZKSuP1	1000005.760000	1000005.760000	0.000000
H91wPZPvVD9SYrtVhhTDrioSqNkkDVFGo8irWDhNyzEE	848467.240000	0.000000	-848467.240000
HADG7Z3ooeK4XhoqaUDcGDUmwDUCUzF2mAxq6BhqJKkb	380001.770000	380001.770000	0.000000
HAupXRFoAw9xD8XgJsnnTATBAxKvurZbjboEmRaiW1D2	2639979.210000	2862563.770000	222584.560000
HDgHAhugW1RxELC6BhEanwf8Ai4URxsLmNuh8HorZrQX	241645.880000	0.000000	-241645.880000
HGWd5othcVkvFN6RXWzenxhWDT2LLCTckb87bzvuVeUA	4342398.270000	4342398.270000	0.000000
HH8GnMCYipGoFLJpWna41BfKgQMPLZqSzPCNcXxdaBaB	124936.720000	124936.720000	0.000000
HJ2zAArQTpHRaUrMD5Mf6bBa1RT722gxY8bcBqsHpbXj	0.000000	205723.340000	205723.340000
HK7gg1xnZcGuEhKgzsobrBqYj5fwoEqapSrRMMdFbYUt	191631.180000	200053.440000	8422.260000
HLmc6RC4fRxPESCUvwuJLc6EbkAYyGhxUttMjuK9AcC9	403783.360000	400000.000000	-3783.360000
HM6nhRq86DY268KAyAKMxuTU5uxp7JwN5ubehSY8LekK	0.000000	493631.180000	493631.180000
HMkT1NhLtSFghtbR2AByqnK4wvbkSCpu5gvRQBpg5A1t	0.000000	1567951.660000	1567951.660000
HNXFByuvyY9Xz4KY9gR54W16GwEYG1G8R7xETqWUMzJz	589287.160000	0.000000	-589287.160000
HQMx8HBGZ1K23m2Xh4KaZhWrd8QAHwMvm8JmBJWRkdJA	1002289.620000	1002289.620000	0.000000
HQi5ZC3ZFUkVmp3Z7eLzUvnYTYAVoUr5vuyfGfA9xmQT	173688.750000	173688.750000	0.000000
HRceeEGif6JfpnHFVuF3yPua8RM7oQ8h6qy2eA3cfbJS	357064.600000	357064.600000	0.000000
HRefWazyQSxjSGcBTFZAQ6wFCDJQW9ppotSffvHHMiFK	120000.000000	120000.000000	0.000000
HSFNechFEHnfoCLVwPnT62p6qt1yB2o64ZkDTnmJBtaM	400333.660000	400333.660000	0.000000
HT7vX9dghkZ1dyjA9yMMFpV8vyGRjNdGxT7JSrpXnY5b	850000.400000	850000.400000	0.000000
HTv9FBbKK8WBRYZuMjo8mXtZe4grF7Zcf3SPyeM5tHFU	513883.860000	513883.860000	0.000000
HUsb8jTzXEyqSng9d42jYT7qwtBpxKihSTF4DS68SsUo	0.000000	150486.240000	150486.240000
HVcEuUVEHuKxwJCFpPqSRVetJ2MM8iWAbHyTSEgZb3sZ	132624.070000	173007.010000	40382.940000
HVeSJebD8KJvcBm4QDXWjGHzzNxjdTtsaYEKhUa8t5Xc	1007159.070000	1007159.070000	0.000000
HW1qPDRmDpZfQbHym5Bv9WEc6Y9iax8hp2oiAofawzL	126607.170000	126607.170000	0.000000
HX4gvp29Rys5JpNHeigLkhMRkV9rTX5QtzYLZuoAY3rn	629382.680000	629382.680000	0.000000
HXQwAadrtUHSacE4aJh8FBPAH4oDTenZjQzw5w69RyXp	551225.360000	551225.360000	0.000000
HZfCjFH1TvisL7LB1VDNxBCUXvBMZKYzE6ji7f393ydM	245241.210000	245241.210000	0.000000
Hah1wzxYVUAB4AWBs4a8xbp7RDypNQqurChzj6eGCqNF	600000.000000	600000.000000	0.000000
HawfigpEeMhczpDr71qtnFmymr2UMXnbTEGz3W88JVkh	600000.000000	600000.000000	0.000000
HcY6vadt82uxbo9HmjGeD32RX4fmCJ2usbKYCMBHPoFH	181591.880000	0.000000	-181591.880000
HeCNDogPsERxWkySs4LJUCzv5rgGrzt2QPehFRSCU5Jx	158236.690000	160627.200000	2390.510000
Hf1vrfH2EtnvXfFoWkbhUyZGFvpsw6fzZ6mWRJ5X8zAB	2071844.670000	2071844.670000	0.000000
Hg5aU4SBcDTda5ZBKbYeRnTscFjD5uBVTqMtECiPo2am	0.000000	150000.000000	150000.000000
HgAmuV8C4BPXA1WkF3XdNdA1JyLUNK7Z5mnH6bGEbvV8	600000.000000	600000.000000	0.000000
HgbkXqQ38Qh3FwAqHnaqwroZHZjdF9cMBm8x7pfRm8gy	192000.000000	180000.000000	-12000.000000
Hh7Tr7txGbrTqXMvdGhoBRCEA9NXxYTVK9J5yhReFVqr	120000.000000	120000.000000	0.000000
HizcRiMbm8MuBPfipDG5vi91cdA22dsuPeGZsJnRPdgu	229194.650000	229194.650000	0.000000
HjTawW5G3wL63x39UHmDR24Sru4dQ43rGAgcsJDbJsoL	169393.510000	169393.510000	0.000000
HkDSeCwreeV4GNa3JGdF6FRaeWPh6Lw4StRUbcy8ebGR	0.000000	141195.500000	141195.500000
HkpDn9gkM6t6mFbimD1VBBL4AfmdmxVaXSPK8eJCqQRC	115519.460000	0.000000	-115519.460000
HmbEvw8yHx2LM8HgQgq5emg7YSSyCZ74dKN5MnfPXktj	299363.740000	299363.740000	0.000000
Hn9eUwwNkdfbML2Up6P9q8hbgbLbA9kX7JRMFqXmTDM	600000.000000	600000.000000	0.000000
HondAivUAtUW9v2QNWqu21ejqDG2n6H5qPGdWbs3We1q	253364.090000	253364.090000	0.000000
Hp5ucH6b1ecUfNepbT6Z77XfmttXhJaPn2AMwx98cec3	220511.210000	220299.510000	-211.700000
HpuU6LFtpR6FmJbCupaHb8qsMXn7xmF8XcBaytKJeobR	122805.900000	122805.900000	0.000000
HpzrQTrG2PSqSFqu2M21caBXJ5wAWFe7yLnmG3KqBogT	206630.130000	0.000000	-206630.130000
HqL1tScUhd9udFQs2MZxap44B6iNmfFkGdJ7d1Zhe9uy	202528.180000	202528.180000	0.000000
Hr8Q3sTPYpo5J1UNRpS7gTbhrjcjoxEactf7gud7ThJX	0.000000	139416.690000	139416.690000
HtqB6EYgNbK1eDkr7XS8LmqJzXxQLozZdCJdgJvTp1HA	532023.410000	568172.320000	36148.910000
HuGJs7qKqZhAxaWc8wLYfT3QtJtzbeJdi3MH9EWUjFFD	281083.360000	0.000000	-281083.360000
HuJcVZ6D2J4TjBDo6AAo8v4kow13yd2q4ZDQp7MsxmQn	166631.210000	166631.210000	0.000000
HvAGLCg9dkjvAVLTG4CiwHJ3v8GbdnKguNHaHySfsNaD	180587.150000	180587.150000	0.000000
HvRjxUrjxAgkQMyMKGKQpUQikfQ9Bgai6yxLQ9vySjSq	200000.000000	0.000000	-200000.000000
HvsFiYwE5KPA2MzFyT4svbJKeibUCzyt2hZxo8myJdcv	135000.900000	0.000000	-135000.900000
HwAV3Fo4DZE94S6QDe9pX8hvFFKGjF3ZyGUqwA3AwPTh	193709.500000	193709.500000	0.000000
HwKnpi27bYAS3AaVzJ1j7udTcthLREZfMMEK2Tc9TNY	0.000000	119213.150000	119213.150000
HwRnKq7RPtKHvX9wyHsc1zvfHtGjPQa5tyZtGtbvfXE	4645566.430000	4645566.430000	0.000000
Hy7KTMRmJNgWW5hw5qLpj4b689gHnLhCKUizwmhQsi6d	0.000000	125000.000000	125000.000000
HyVoqJeS6VgyK6pNm3fFKv9XUbBcH4qdYKdHrbLTWZHJ	0.000000	196470.330000	196470.330000
Hyc8GwrDCWiC22mi8gQpspjt7MDXbmD38kBCEVvia1oE	326242.120000	326242.120000	0.000000
Hzno7DYYhbSPrEcQxLvyo377DKWaBAVaentud2gYHmM6	301801.360000	265168.560000	-36632.800000
J1BGeK3ojLF5dqaNFLg7WkQToyYisY79pWvHHscTJcpD	150726.590000	0.000000	-150726.590000
J2MdzFj82kwdhBdSukiVVwDQKpLteMLtdqXHBkf3A8nH	267233.490000	267233.490000	0.000000
J2ct7VcpJ56cjUfdb7VqyMWaegwo2yYq2uvXXUg4W6Zt	1750000.000000	1450000.000000	-300000.000000
J4JUCPNqzThqUm7NWRKhGiAxw2woS4V5gRifRde4hbm6	140709.150000	140709.150000	0.000000
J4JVNwiVtu5LwvRtsV5bTiKseohesReccXRnyUBjZ5eQ	0.000000	131589.820000	131589.820000
J4sY8NqozJXJWAC7zqMo1Ks9ZzL4wdBMtkCLoDPix2V9	252694.900000	252694.900000	0.000000
J5hiMFzt8UBns96GFNKWbNPDaouytCtATd8qUKjqBbqz	405045.740000	405045.740000	0.000000
J68XtCWRpoYPK5nrJEpHqHY9NESYASH4VYk7XHvhAPJ9	463059.490000	0.000000	-463059.490000
JAGuM6rzknDp83VavTT8m7mvLDSTukFHD4y19URaiyv3	224795.350000	224795.350000	0.000000
JECPU7aeNnswnzc5Aq3xzXPy2jptYhMHPBRseBNnF2MS	469482.130000	1828902.830000	1359420.700000
L5LmYTKFwxXeTsqnXCWxtnUCgQcEpJLLQYc9zRhXc69	218181.230000	244348.020000	26166.790000
LE2fQiEt3KyMnD8Ln5JE2ZD6Yk2WbftDudaz43oNa4p	160006.180000	161813.640000	1807.460000
M6Z7835qAkyJrd6mvb2mXgxzZBRdVJRY7ywxrgcXzDZ	0.000000	161585.730000	161585.730000
MVaCfyW1dGwYUcSWQbYXtorrZVP2R7khZP4sQ57Whdd	260119.860000	260119.860000	0.000000
NVfoxKvk4fqta5JEjuCA9KqH3LDWuZDaJTt1fVajcTd	0.000000	153307.940000	153307.940000
PTnFVpp8M734Ld3zHZHZA4wDfML1cnWCqP1h29f76tB	847487.900000	0.000000	-847487.900000
RtSjXMTb6M5UMaXLZDD8aU3YzUSosFUH3s2ERsEUgfU	1000000.000000	0.000000	-1000000.000000
SS5Pnvy56zFhVfHE2e2DCdohKoFn9wahtrL1QSjSnJc	0.000000	171460.930000	171460.930000
T4CrLvkHuCk9TTtGHrYp5xVe7p1ReKThFRec7uqrjcb	123486.030000	0.000000	-123486.030000
TEVeKVTG1JD1HzmJZkAWTWpfZ54eCsYEmLogagg61KF	0.000000	114395.810000	114395.810000
TTXyqWdTsBpbVaHvsgPoZgYSU5c38RZpJb8MYMZYqCe	120328.040000	131434.330000	11106.290000
Vsejo8C8JVLHFPg6AcBqzZ7yCFGCPb89USnY7ZQTN9A	119701.880000	119701.880000	0.000000
Wa16UbT4KdVu9CVMMxi3nUwkckwoFRTBQJ5JPvfrftC	204293.040000	237539.710000	33246.670000
X7n7WXZz714vaYcnGs5nffsiMLkthoqouMcAL1kAsyn	554083.840000	496083.840000	-58000.000000
XiRxcZC9KnToWGxhrF3xhGLcBiMM7FrA9HEyFpYcRm9	181498.870000	0.000000	-181498.870000
YLdbvB3vcj9GYxJCBJH1fjjy9CEUXPiPgxzMKnYqRMD	200811.000000	200811.000000	0.000000
YbHXPGcWz7C4AfavQAL4mNfHVSDoGsMTVmZNbmEf3Gs	2000117.090000	2000117.090000	0.000000
YfXvHwbr3jYw42TRLBVCxPxNMH5iPqPayPqqRPP3Gev	692630.000000	692630.000000	0.000000
bCo8DMq2Xs6PnjZxj8PKYVHwK2io8wAvjjj6LgEgzPr	230798.940000	230798.940000	0.000000
bwA6AePrh49WMSw54TTRSWz1sArh7gAij4KdcBN44SX	206528.280000	155128.050000	-51400.230000
c5YMgd1bCGTPABwWCiATVcZYAYm3J11jFhFMmSVxzWS	195265.100000	0.000000	-195265.100000
c6PrDqXi3QCfCMPNE7YxgX4U6HBQALXH88UZ7JzxP3n	1490010.000000	1490010.000000	0.000000
cRwUwP8vJ13UFg6f8oRWDyRC4o1rYMfDfTF9F1sRU3Q	272947.760000	0.000000	-272947.760000
ewoWAgAyLDDhWicjq95HrFHzjFS8kTruGPArfkVLsYe	501202.110000	371202.110000	-130000.000000
f3hSrpPhMVLLfu3hmspHJTUocXzGrWJhhw1riKM8V47	1000000.000000	1217350.000000	217350.000000
i9iK7Bq5ySPRjSgsy6C46AbErSrmUZ9LqaQExwbX8dq	318670.350000	318670.350000	0.000000
jEisWvyQ4SffrAXFzFsNj6zYRNMRc44yh9puLdK36hL	5487507.430000	5487507.430000	0.000000
jSej4RRsWAMFexKQVCYBrxGcVVxN5QQZ5SyUXNKdKEn	115032.490000	121113.430000	6080.940000
js5Lja7zP5RCcTTpdNPB2SwRcUemBYJK8bZio4chzyw	10949621.570000	13604107.180000	2654485.610000
mARcosvTBuBRovTyongu2vsEFMwoM8wJSc9Ds5WLbwD	150000.000000	150000.000000	0.000000
nVGB5GSvPNt1dayZ1qsUTiQZz5BzskEPjnc6rP7nU4y	127833.640000	127833.640000	0.000000
niHYymLcGR8GA6BQd69Db3iumb3EZEA9jwdMFLKuibH	150614.650000	150614.650000	0.000000
niTxtxoQ2ewiAjGFK9zz9EmdbQG2YPLkv6BY3cKFBTw	1000120.200000	1000120.200000	0.000000
ouZShBN8ekR4ToMFeVYEzE1thHgyNnj9mRYZ6ouVxac	229323.390000	229323.390000	0.000000
ozojznrnHnvfEuJh9qxY8op1UPMeyfgUdbePbLxRsHs	1183864.090000	1183864.090000	0.000000
pm85d9Gi1EEzgEVQi6t1Tj5xnNLeXVkeoBLs8YY3KJD	198998.930000	198998.930000	0.000000
pohpgTf8VwvZrRu82EHfcoq13PrEHef7ZRB5oii6M6Y	178778.900000	178778.900000	0.000000
saBoA5QiLrWgHuT5eHwMuEAX7vyw12ohi6HhBn2zWJF	0.000000	282919.050000	282919.050000
tVNCPoTDuW41ZXhrshotLQ1sK8MiYuMgAypcXgbznmv	2200000.000000	0.000000	-2200000.000000
td6tKvDQyfv7HHP7q8UPRr7jWgb5qY4Da868dWrNw4i	143940.690000	138940.690000	-5000.000000
u6PJ8DtQuPFnfmwHbGFULQ4u4EgjDiyYKjVEsynXq2w	461338.960000	403318.790000	-58020.170000
uk9vBMRx71qx3a4N1yowgSaMYEDfUJuwsbZMLsFpXYk	545761.900000	545761.900000	0.000000
uvKP9G7NUtCQpy8okMkLJHjXxz2tESkTPAEhu9wdMAb	128094.760000	128094.760000	0.000000
vuz1cSZ1FPHYYsHSqbdwKok6Si91wGfoBV6ho5iyE93	0.000000	200243.460000	200243.460000
xgAgScrb59YJduCCCPm6RHMQBCHusyJa9ms54LUCtLq	1215285.430000	1608335.860000	393050.430000
zVfLazgqC19p5tAe6CgTygpD4BeYHYKjYzGWKM4qT9Q	0.000000	256881.840000	256881.840000
zrdWJB8Y7dsuy3DtYHc17k2DXMyJJwCNpaDjhNRP3FG	162039.130000	162039.130000	0.000000
